This file contains any messages produced by compilers while
running configure, to aid debugging if configure makes a mistake.

It was created by fontconfig configure 2.13.1, which was
generated by GNU Autoconf 2.71.  Invocation command line was

  $ ./configure --sysconfdir=/etc --prefix=/usr --mandir=/usr/share/man --enable-libxml2

## --------- ##
## Platform. ##
## --------- ##

hostname = christianpc
uname -m = x86_64
uname -r = 6.6.87.2-microsoft-standard-WSL2
uname -s = Linux
uname -v = #1 SMP PREEMPT_DYNAMIC Thu Jun  5 18:30:46 UTC 2025

/usr/bin/uname -p = x86_64
/bin/uname -X     = unknown

/bin/arch              = x86_64
/usr/bin/arch -k       = unknown
/usr/convex/getsysinfo = unknown
/usr/bin/hostinfo      = unknown
/bin/machine           = unknown
/usr/bin/oslevel       = unknown
/bin/universe          = unknown

PATH: /home/christian/.vscode-server/data/User/globalStorage/github.copilot-chat/debugCommand/
PATH: /home/christian/.vscode-server/data/User/globalStorage/github.copilot-chat/copilotCli/
PATH: /home/christian/.vscode-server/bin/bf9252a2fb45be6893dd8870c0bf37e2e1766d61/bin/remote-cli/
PATH: /usr/local/sbin/
PATH: /usr/local/bin/
PATH: /usr/sbin/
PATH: /usr/bin/
PATH: /sbin/
PATH: /bin/
PATH: /usr/games/
PATH: /usr/local/games/
PATH: /usr/lib/wsl/lib/
PATH: /mnt/c/Program Files/WindowsApps/MicrosoftCorporationII.WindowsSubsystemForLinux_2.6.2.0_x64__8wekyb3d8bbwe/
PATH: /mnt/c/Program Files/Common Files/Oracle/Java/javapath/
PATH: /mnt/c/WINDOWS/system32/
PATH: /mnt/c/WINDOWS/
PATH: /mnt/c/WINDOWS/System32/Wbem/
PATH: /mnt/c/WINDOWS/System32/WindowsPowerShell/v1.0/
PATH: /mnt/c/WINDOWS/System32/OpenSSH/
PATH: /mnt/c/Program Files/Docker/Docker/resources/bin/
PATH: /mnt/c/Program Files/qemu/
PATH: /mnt/c/Program Files/Git/cmd/
PATH: /mnt/c/Program Files/dotnet/
PATH: /mnt/c/nuget/
PATH: /mnt/c/Program Files (x86)/Windows Kits/10/Windows Performance Toolkit/
PATH: /mnt/c/Users/souza/AppData/Local/Microsoft/WindowsApps/
PATH: /mnt/c/Users/souza/AppData/Local/Programs/Microsoft VS Code/bin/
PATH: /mnt/c/Users/souza/AppData/Local/Programs/Ollama/
PATH: /mnt/c/Users/souza/AppData/Local/Microsoft/WinGet/Packages/Gyan.FFmpeg.Essentials_Microsoft.Winget.Source_8wekyb3d8bbwe/ffmpeg-8.0-essentials_build/bin/
PATH: /mnt/c/Users/souza/.dotnet/tools/
PATH: /mnt/c/Users/souza/AppData/Local/PowerToys/DSCModules/
PATH: /mnt/c/Users/souza/AppData/Local/nvm/
PATH: /mnt/c/nvm4w/nodejs/
PATH: /snap/bin/


## ----------- ##
## Core tests. ##
## ----------- ##

configure:2992: looking for aux files: config.rpath config.guess config.sub ltmain.sh compile missing install-sh
configure:3005:  trying ./
configure:3034:   ./config.rpath found
configure:3034:   ./config.guess found
configure:3034:   ./config.sub found
configure:3034:   ./ltmain.sh found
configure:3034:   ./compile found
configure:3034:   ./missing found
configure:3016:   ./install-sh found
configure:3163: checking for a BSD-compatible install
configure:3236: result: /usr/bin/install -c
configure:3247: checking whether build environment is sane
configure:3302: result: yes
configure:3461: checking for a race-free mkdir -p
configure:3505: result: /usr/bin/mkdir -p
configure:3512: checking for gawk
configure:3533: found /usr/bin/gawk
configure:3544: result: gawk
configure:3555: checking whether make sets $(MAKE)
configure:3578: result: yes
configure:3608: checking whether make supports nested variables
configure:3626: result: yes
configure:3774: checking whether make supports nested variables
configure:3792: result: yes
configure:3871: checking for gcc
configure:3892: found /usr/bin/gcc
configure:3903: result: gcc
configure:4256: checking for C compiler version
configure:4265: gcc --version >&5
gcc (Ubuntu 14.2.0-4ubuntu2~24.04) 14.2.0
Copyright (C) 2024 Free Software Foundation, Inc.
This is free software; see the source for copying conditions.  There is NO
warranty; not even for MERCHANTABILITY or FITNESS FOR A PARTICULAR PURPOSE.

configure:4276: $? = 0
configure:4265: gcc -v >&5
Using built-in specs.
COLLECT_GCC=gcc
COLLECT_LTO_WRAPPER=/usr/libexec/gcc/x86_64-linux-gnu/14/lto-wrapper
OFFLOAD_TARGET_NAMES=nvptx-none:amdgcn-amdhsa
OFFLOAD_TARGET_DEFAULT=1
Target: x86_64-linux-gnu
Configured with: ../src/configure -v --with-pkgversion='Ubuntu 14.2.0-4ubuntu2~24.04' --with-bugurl=file:///usr/share/doc/gcc-14/README.Bugs --enable-languages=c,ada,c++,go,d,fortran,objc,obj-c++,m2,rust --prefix=/usr --with-gcc-major-version-only --program-suffix=-14 --program-prefix=x86_64-linux-gnu- --enable-shared --enable-linker-build-id --libexecdir=/usr/libexec --without-included-gettext --enable-threads=posix --libdir=/usr/lib --enable-nls --enable-bootstrap --enable-clocale=gnu --enable-libstdcxx-debug --enable-libstdcxx-time=yes --with-default-libstdcxx-abi=new --enable-libstdcxx-backtrace --enable-gnu-unique-object --disable-vtable-verify --enable-plugin --enable-default-pie --with-system-zlib --enable-libphobos-checking=release --with-target-system-zlib=auto --enable-objc-gc=auto --enable-multiarch --disable-werror --enable-cet --with-arch-32=i686 --with-abi=m64 --with-multilib-list=m32,m64,mx32 --enable-multilib --with-tune=generic --enable-offload-targets=nvptx-none=/build/gcc-14-ig5ci0/gcc-14-14.2.0/debian/tmp-nvptx/usr,amdgcn-amdhsa=/build/gcc-14-ig5ci0/gcc-14-14.2.0/debian/tmp-gcn/usr --enable-offload-defaulted --without-cuda-driver --enable-checking=release --build=x86_64-linux-gnu --host=x86_64-linux-gnu --target=x86_64-linux-gnu --with-build-config=bootstrap-lto-lean --enable-link-serialization=2
Thread model: posix
Supported LTO compression algorithms: zlib zstd
gcc version 14.2.0 (Ubuntu 14.2.0-4ubuntu2~24.04) 
... rest of stderr output deleted ...
configure:4276: $? = 0
configure:4265: gcc -V >&5
gcc: error: unrecognized command-line option '-V'
gcc: fatal error: no input files
compilation terminated.
configure:4276: $? = 1
configure:4265: gcc -qversion >&5
gcc: error: unrecognized command-line option '-qversion'; did you mean '--version'?
gcc: fatal error: no input files
compilation terminated.
configure:4276: $? = 1
configure:4265: gcc -version >&5
gcc: error: unrecognized command-line option '-version'
gcc: fatal error: no input files
compilation terminated.
configure:4276: $? = 1
configure:4296: checking whether the C compiler works
configure:4318: gcc    conftest.c  >&5
configure:4322: $? = 0
configure:4372: result: yes
configure:4375: checking for C compiler default output file name
configure:4377: result: a.out
configure:4383: checking for suffix of executables
configure:4390: gcc -o conftest    conftest.c  >&5
configure:4394: $? = 0
configure:4417: result: 
configure:4439: checking whether we are cross compiling
configure:4447: gcc -o conftest    conftest.c  >&5
configure:4451: $? = 0
configure:4458: ./conftest
configure:4462: $? = 0
configure:4477: result: no
configure:4482: checking for suffix of object files
configure:4505: gcc -c   conftest.c >&5
configure:4509: $? = 0
configure:4531: result: o
configure:4535: checking whether the compiler supports GNU C
configure:4555: gcc -c   conftest.c >&5
configure:4555: $? = 0
configure:4565: result: yes
configure:4576: checking whether gcc accepts -g
configure:4597: gcc -c -g  conftest.c >&5
configure:4597: $? = 0
configure:4641: result: yes
configure:4661: checking for gcc option to enable C11 features
configure:4676: gcc  -c -g -O2  conftest.c >&5
configure:4676: $? = 0
configure:4694: result: none needed
configure:4810: checking whether gcc understands -c and -o together
configure:4833: gcc -c conftest.c -o conftest2.o
configure:4836: $? = 0
configure:4833: gcc -c conftest.c -o conftest2.o
configure:4836: $? = 0
configure:4848: result: yes
configure:4868: checking whether make supports the include directive
configure:4883: make -f confmf.GNU && cat confinc.out
this is the am__doit target
configure:4886: $? = 0
configure:4905: result: yes (GNU style)
configure:4931: checking dependency style of gcc
configure:5043: result: gcc3
configure:5063: checking for stdio.h
configure:5063: gcc -c -g -O2  conftest.c >&5
configure:5063: $? = 0
configure:5063: result: yes
configure:5063: checking for stdlib.h
configure:5063: gcc -c -g -O2  conftest.c >&5
configure:5063: $? = 0
configure:5063: result: yes
configure:5063: checking for string.h
configure:5063: gcc -c -g -O2  conftest.c >&5
configure:5063: $? = 0
configure:5063: result: yes
configure:5063: checking for inttypes.h
configure:5063: gcc -c -g -O2  conftest.c >&5
configure:5063: $? = 0
configure:5063: result: yes
configure:5063: checking for stdint.h
configure:5063: gcc -c -g -O2  conftest.c >&5
configure:5063: $? = 0
configure:5063: result: yes
configure:5063: checking for strings.h
configure:5063: gcc -c -g -O2  conftest.c >&5
configure:5063: $? = 0
configure:5063: result: yes
configure:5063: checking for sys/stat.h
configure:5063: gcc -c -g -O2  conftest.c >&5
configure:5063: $? = 0
configure:5063: result: yes
configure:5063: checking for sys/types.h
configure:5063: gcc -c -g -O2  conftest.c >&5
configure:5063: $? = 0
configure:5063: result: yes
configure:5063: checking for unistd.h
configure:5063: gcc -c -g -O2  conftest.c >&5
configure:5063: $? = 0
configure:5063: result: yes
configure:5063: checking for wchar.h
configure:5063: gcc -c -g -O2  conftest.c >&5
configure:5063: $? = 0
configure:5063: result: yes
configure:5063: checking for minix/config.h
configure:5063: gcc -c -g -O2  conftest.c >&5
conftest.c:49:10: fatal error: minix/config.h: No such file or directory
   49 | #include <minix/config.h>
      |          ^~~~~~~~~~~~~~~~
compilation terminated.
configure:5063: $? = 1
configure: failed program was:
| /* confdefs.h */
| #define PACKAGE_NAME "fontconfig"
| #define PACKAGE_TARNAME "fontconfig"
| #define PACKAGE_VERSION "2.13.1"
| #define PACKAGE_STRING "fontconfig 2.13.1"
| #define PACKAGE_BUGREPORT "https://gitlab.freedesktop.org/fontconfig/fontconfig/issues/new"
| #define PACKAGE_URL ""
| #define PACKAGE "fontconfig"
| #define VERSION "2.13.1"
| #define HAVE_STDIO_H 1
| #define HAVE_STDLIB_H 1
| #define HAVE_STRING_H 1
| #define HAVE_INTTYPES_H 1
| #define HAVE_STDINT_H 1
| #define HAVE_STRINGS_H 1
| #define HAVE_SYS_STAT_H 1
| #define HAVE_SYS_TYPES_H 1
| #define HAVE_UNISTD_H 1
| #define HAVE_WCHAR_H 1
| /* end confdefs.h.  */
| #include <stddef.h>
| #ifdef HAVE_STDIO_H
| # include <stdio.h>
| #endif
| #ifdef HAVE_STDLIB_H
| # include <stdlib.h>
| #endif
| #ifdef HAVE_STRING_H
| # include <string.h>
| #endif
| #ifdef HAVE_INTTYPES_H
| # include <inttypes.h>
| #endif
| #ifdef HAVE_STDINT_H
| # include <stdint.h>
| #endif
| #ifdef HAVE_STRINGS_H
| # include <strings.h>
| #endif
| #ifdef HAVE_SYS_TYPES_H
| # include <sys/types.h>
| #endif
| #ifdef HAVE_SYS_STAT_H
| # include <sys/stat.h>
| #endif
| #ifdef HAVE_UNISTD_H
| # include <unistd.h>
| #endif
| #include <minix/config.h>
configure:5063: result: no
configure:5063: checking for sys/param.h
configure:5063: gcc -c -g -O2  conftest.c >&5
configure:5063: $? = 0
configure:5063: result: yes
configure:5094: checking whether it is safe to define __EXTENSIONS__
configure:5113: gcc -c -g -O2  conftest.c >&5
configure:5113: $? = 0
configure:5121: result: yes
configure:5124: checking whether _XOPEN_SOURCE should be defined
configure:5146: gcc -c -g -O2  conftest.c >&5
configure:5146: $? = 0
configure:5173: result: no
configure:5237: checking for special C compiler options needed for large files
configure:5285: result: no
configure:5291: checking for _FILE_OFFSET_BITS value needed for large files
configure:5317: gcc -c -g -O2  conftest.c >&5
configure:5317: $? = 0
configure:5351: result: no
configure:5434: checking whether ln -s works
configure:5438: result: yes
configure:5445: checking whether make sets $(MAKE)
configure:5468: result: yes
configure:5536: checking for pkg-config
configure:5559: found /usr/bin/pkg-config
configure:5571: result: /usr/bin/pkg-config
configure:5596: checking pkg-config is at least version 0.9.0
configure:5599: result: yes
configure:5631: checking for RM macro
configure:5680: result: rm -f
configure:5717: checking build system type
configure:5732: result: x86_64-pc-linux-gnu
configure:5752: checking host system type
configure:5766: result: x86_64-pc-linux-gnu
configure:5807: checking how to print strings
configure:5834: result: printf
configure:5855: checking for a sed that does not truncate output
configure:5925: result: /usr/bin/sed
configure:5943: checking for grep that handles long lines and -e
configure:6007: result: /usr/bin/grep
configure:6012: checking for egrep
configure:6080: result: /usr/bin/grep -E
configure:6085: checking for fgrep
configure:6153: result: /usr/bin/grep -F
configure:6189: checking for ld used by gcc
configure:6257: result: /usr/bin/ld
configure:6264: checking if the linker (/usr/bin/ld) is GNU ld
configure:6280: result: yes
configure:6292: checking for BSD- or MS-compatible name lister (nm)
configure:6347: result: /usr/bin/nm -B
configure:6487: checking the name lister (/usr/bin/nm -B) interface
configure:6495: gcc -c -g -O2  conftest.c >&5
configure:6498: /usr/bin/nm -B "conftest.o"
configure:6501: output
0000000000000000 B some_variable
configure:6508: result: BSD nm
configure:6512: checking the maximum length of command line arguments
configure:6644: result: 1572864
configure:6692: checking how to convert x86_64-pc-linux-gnu file names to x86_64-pc-linux-gnu format
configure:6733: result: func_convert_file_noop
configure:6740: checking how to convert x86_64-pc-linux-gnu file names to toolchain format
configure:6761: result: func_convert_file_noop
configure:6768: checking for /usr/bin/ld option to reload object files
configure:6776: result: -r
configure:6855: checking for file
configure:6876: found /usr/bin/file
configure:6887: result: file
configure:6963: checking for objdump
configure:6984: found /usr/bin/objdump
configure:6995: result: objdump
configure:7024: checking how to recognize dependent libraries
configure:7225: result: pass_all
configure:7315: checking for dlltool
configure:7350: result: no
configure:7377: checking how to associate runtime and link libraries
configure:7405: result: printf %s\n
configure:7470: checking for ar
configure:7491: found /usr/bin/ar
configure:7502: result: ar
configure:7555: checking for archiver @FILE support
configure:7573: gcc -c -g -O2  conftest.c >&5
configure:7573: $? = 0
configure:7577: ar cr libconftest.a @conftest.lst >&5
configure:7580: $? = 0
configure:7585: ar cr libconftest.a @conftest.lst >&5
ar: conftest.o: No such file or directory
configure:7588: $? = 1
configure:7600: result: @
configure:7663: checking for strip
configure:7684: found /usr/bin/strip
configure:7695: result: strip
configure:7772: checking for ranlib
configure:7793: found /usr/bin/ranlib
configure:7804: result: ranlib
configure:7906: checking command to parse /usr/bin/nm -B output from gcc object
configure:8060: gcc -c -g -O2  conftest.c >&5
configure:8063: $? = 0
configure:8067: /usr/bin/nm -B conftest.o | /usr/bin/sed -n -e 's/^.*[	 ]\([ABCDGIRSTW][ABCDGIRSTW]*\)[	 ][	 ]*\([_A-Za-z][_A-Za-z0-9]*\)$/\1 \2 \2/p' | /usr/bin/sed '/ __gnu_lto/d' > conftest.nm
configure:8133: gcc -o conftest -g -O2   conftest.c conftstm.o >&5
configure:8136: $? = 0
configure:8174: result: ok
configure:8221: checking for sysroot
configure:8252: result: no
configure:8259: checking for a working dd
configure:8303: result: /usr/bin/dd
configure:8307: checking how to truncate binary pipes
configure:8323: result: /usr/bin/dd bs=4096 count=1
configure:8460: gcc -c -g -O2  conftest.c >&5
configure:8463: $? = 0
configure:8660: checking for mt
configure:8695: result: no
configure:8715: checking if : is a manifest tool
configure:8722: : '-?'
configure:8730: result: no
configure:9451: checking for dlfcn.h
configure:9451: gcc -c -g -O2  conftest.c >&5
configure:9451: $? = 0
configure:9451: result: yes
configure:10037: checking for objdir
configure:10053: result: .libs
configure:10317: checking if gcc supports -fno-rtti -fno-exceptions
configure:10336: gcc -c -g -O2  -fno-rtti -fno-exceptions conftest.c >&5
cc1: warning: command-line option '-fno-rtti' is valid for C++/D/ObjC++ but not for C
configure:10340: $? = 0
configure:10353: result: no
configure:10717: checking for gcc option to produce PIC
configure:10725: result: -fPIC -DPIC
configure:10733: checking if gcc PIC flag -fPIC -DPIC works
configure:10752: gcc -c -g -O2  -fPIC -DPIC -DPIC conftest.c >&5
configure:10756: $? = 0
configure:10769: result: yes
configure:10798: checking if gcc static flag -static works
configure:10827: result: yes
configure:10842: checking if gcc supports -c -o file.o
configure:10864: gcc -c -g -O2  -o out/conftest2.o conftest.c >&5
configure:10868: $? = 0
configure:10890: result: yes
configure:10898: checking if gcc supports -c -o file.o
configure:10946: result: yes
configure:10979: checking whether the gcc linker (/usr/bin/ld -m elf_x86_64) supports shared libraries
configure:12253: result: yes
configure:12290: checking whether -lc should be explicitly linked in
configure:12299: gcc -c -g -O2  conftest.c >&5
configure:12302: $? = 0
configure:12317: gcc -shared  -fPIC -DPIC conftest.o  -v -Wl,-soname -Wl,conftest -o conftest 2\>\&1 \| /usr/bin/grep  -lc  \>/dev/null 2\>\&1
configure:12320: $? = 0
configure:12334: result: no
configure:12494: checking dynamic linker characteristics
configure:13076: gcc -o conftest -g -O2   -Wl,-rpath -Wl,/foo conftest.c  >&5
configure:13076: $? = 0
configure:13327: result: GNU/Linux ld.so
configure:13449: checking how to hardcode library paths into programs
configure:13474: result: immediate
configure:14026: checking whether stripping libraries is possible
configure:14035: result: yes
configure:14077: checking if libtool supports shared libraries
configure:14079: result: yes
configure:14082: checking whether to build shared libraries
configure:14107: result: yes
configure:14110: checking whether to build static libraries
configure:14114: result: no
configure:14192: checking whether NLS is requested
configure:14202: result: yes
configure:14242: checking for msgfmt
configure: trying /usr/bin/msgfmt...
0 translated messages.
configure:14275: result: /usr/bin/msgfmt
configure:14284: checking for gmsgfmt
configure:14320: result: /usr/bin/msgfmt
configure:14370: checking for xgettext
configure: trying /usr/bin/xgettext...
/usr/bin/xgettext: warning: file '/dev/null' extension '' is unknown; will try C
configure:14403: result: /usr/bin/xgettext
configure:14448: checking for msgmerge
configure: trying /usr/bin/msgmerge...
configure:14480: result: /usr/bin/msgmerge
configure:14539: checking for ld used by gcc
configure:14607: result: /usr/bin/ld -m elf_x86_64
configure:14614: checking if the linker (/usr/bin/ld -m elf_x86_64) is GNU ld
configure:14630: result: yes
configure:14638: checking for shared library run path origin
configure:14652: result: done
configure:14677: checking how to run the C preprocessor
configure:14703: gcc -E  conftest.c
configure:14703: $? = 0
configure:14718: gcc -E  conftest.c
conftest.c:42:10: fatal error: ac_nonexistent.h: No such file or directory
   42 | #include <ac_nonexistent.h>
      |          ^~~~~~~~~~~~~~~~~~
compilation terminated.
configure:14718: $? = 1
configure: failed program was:
| /* confdefs.h */
| #define PACKAGE_NAME "fontconfig"
| #define PACKAGE_TARNAME "fontconfig"
| #define PACKAGE_VERSION "2.13.1"
| #define PACKAGE_STRING "fontconfig 2.13.1"
| #define PACKAGE_BUGREPORT "https://gitlab.freedesktop.org/fontconfig/fontconfig/issues/new"
| #define PACKAGE_URL ""
| #define PACKAGE "fontconfig"
| #define VERSION "2.13.1"
| #define HAVE_STDIO_H 1
| #define HAVE_STDLIB_H 1
| #define HAVE_STRING_H 1
| #define HAVE_INTTYPES_H 1
| #define HAVE_STDINT_H 1
| #define HAVE_STRINGS_H 1
| #define HAVE_SYS_STAT_H 1
| #define HAVE_SYS_TYPES_H 1
| #define HAVE_UNISTD_H 1
| #define HAVE_WCHAR_H 1
| #define HAVE_SYS_PARAM_H 1
| #define STDC_HEADERS 1
| #define _ALL_SOURCE 1
| #define _DARWIN_C_SOURCE 1
| #define _GNU_SOURCE 1
| #define _HPUX_ALT_XOPEN_SOCKET_API 1
| #define _NETBSD_SOURCE 1
| #define _OPENBSD_SOURCE 1
| #define _POSIX_PTHREAD_SEMANTICS 1
| #define __STDC_WANT_IEC_60559_ATTRIBS_EXT__ 1
| #define __STDC_WANT_IEC_60559_BFP_EXT__ 1
| #define __STDC_WANT_IEC_60559_DFP_EXT__ 1
| #define __STDC_WANT_IEC_60559_FUNCS_EXT__ 1
| #define __STDC_WANT_IEC_60559_TYPES_EXT__ 1
| #define __STDC_WANT_LIB_EXT2__ 1
| #define __STDC_WANT_MATH_SPEC_FUNCS__ 1
| #define _TANDEM_SOURCE 1
| #define __EXTENSIONS__ 1
| #define HAVE_DLFCN_H 1
| #define LT_OBJDIR ".libs/"
| #define GETTEXT_PACKAGE "fontconfig"
| /* end confdefs.h.  */
| #include <ac_nonexistent.h>
configure:14745: result: gcc -E
configure:14759: gcc -E  conftest.c
configure:14759: $? = 0
configure:14774: gcc -E  conftest.c
conftest.c:42:10: fatal error: ac_nonexistent.h: No such file or directory
   42 | #include <ac_nonexistent.h>
      |          ^~~~~~~~~~~~~~~~~~
compilation terminated.
configure:14774: $? = 1
configure: failed program was:
| /* confdefs.h */
| #define PACKAGE_NAME "fontconfig"
| #define PACKAGE_TARNAME "fontconfig"
| #define PACKAGE_VERSION "2.13.1"
| #define PACKAGE_STRING "fontconfig 2.13.1"
| #define PACKAGE_BUGREPORT "https://gitlab.freedesktop.org/fontconfig/fontconfig/issues/new"
| #define PACKAGE_URL ""
| #define PACKAGE "fontconfig"
| #define VERSION "2.13.1"
| #define HAVE_STDIO_H 1
| #define HAVE_STDLIB_H 1
| #define HAVE_STRING_H 1
| #define HAVE_INTTYPES_H 1
| #define HAVE_STDINT_H 1
| #define HAVE_STRINGS_H 1
| #define HAVE_SYS_STAT_H 1
| #define HAVE_SYS_TYPES_H 1
| #define HAVE_UNISTD_H 1
| #define HAVE_WCHAR_H 1
| #define HAVE_SYS_PARAM_H 1
| #define STDC_HEADERS 1
| #define _ALL_SOURCE 1
| #define _DARWIN_C_SOURCE 1
| #define _GNU_SOURCE 1
| #define _HPUX_ALT_XOPEN_SOCKET_API 1
| #define _NETBSD_SOURCE 1
| #define _OPENBSD_SOURCE 1
| #define _POSIX_PTHREAD_SEMANTICS 1
| #define __STDC_WANT_IEC_60559_ATTRIBS_EXT__ 1
| #define __STDC_WANT_IEC_60559_BFP_EXT__ 1
| #define __STDC_WANT_IEC_60559_DFP_EXT__ 1
| #define __STDC_WANT_IEC_60559_FUNCS_EXT__ 1
| #define __STDC_WANT_IEC_60559_TYPES_EXT__ 1
| #define __STDC_WANT_LIB_EXT2__ 1
| #define __STDC_WANT_MATH_SPEC_FUNCS__ 1
| #define _TANDEM_SOURCE 1
| #define __EXTENSIONS__ 1
| #define HAVE_DLFCN_H 1
| #define LT_OBJDIR ".libs/"
| #define GETTEXT_PACKAGE "fontconfig"
| /* end confdefs.h.  */
| #include <ac_nonexistent.h>
configure:15361: checking for CFPreferencesCopyAppValue
configure:15380: gcc -o conftest -g -O2   conftest.c  -Wl,-framework -Wl,CoreFoundation >&5
conftest.c:42:10: fatal error: CoreFoundation/CFPreferences.h: No such file or directory
   42 | #include <CoreFoundation/CFPreferences.h>
      |          ^~~~~~~~~~~~~~~~~~~~~~~~~~~~~~~~
compilation terminated.
configure:15380: $? = 1
configure: failed program was:
| /* confdefs.h */
| #define PACKAGE_NAME "fontconfig"
| #define PACKAGE_TARNAME "fontconfig"
| #define PACKAGE_VERSION "2.13.1"
| #define PACKAGE_STRING "fontconfig 2.13.1"
| #define PACKAGE_BUGREPORT "https://gitlab.freedesktop.org/fontconfig/fontconfig/issues/new"
| #define PACKAGE_URL ""
| #define PACKAGE "fontconfig"
| #define VERSION "2.13.1"
| #define HAVE_STDIO_H 1
| #define HAVE_STDLIB_H 1
| #define HAVE_STRING_H 1
| #define HAVE_INTTYPES_H 1
| #define HAVE_STDINT_H 1
| #define HAVE_STRINGS_H 1
| #define HAVE_SYS_STAT_H 1
| #define HAVE_SYS_TYPES_H 1
| #define HAVE_UNISTD_H 1
| #define HAVE_WCHAR_H 1
| #define HAVE_SYS_PARAM_H 1
| #define STDC_HEADERS 1
| #define _ALL_SOURCE 1
| #define _DARWIN_C_SOURCE 1
| #define _GNU_SOURCE 1
| #define _HPUX_ALT_XOPEN_SOCKET_API 1
| #define _NETBSD_SOURCE 1
| #define _OPENBSD_SOURCE 1
| #define _POSIX_PTHREAD_SEMANTICS 1
| #define __STDC_WANT_IEC_60559_ATTRIBS_EXT__ 1
| #define __STDC_WANT_IEC_60559_BFP_EXT__ 1
| #define __STDC_WANT_IEC_60559_DFP_EXT__ 1
| #define __STDC_WANT_IEC_60559_FUNCS_EXT__ 1
| #define __STDC_WANT_IEC_60559_TYPES_EXT__ 1
| #define __STDC_WANT_LIB_EXT2__ 1
| #define __STDC_WANT_MATH_SPEC_FUNCS__ 1
| #define _TANDEM_SOURCE 1
| #define __EXTENSIONS__ 1
| #define HAVE_DLFCN_H 1
| #define LT_OBJDIR ".libs/"
| #define GETTEXT_PACKAGE "fontconfig"
| /* end confdefs.h.  */
| #include <CoreFoundation/CFPreferences.h>
| int
| main (void)
| {
| CFPreferencesCopyAppValue(NULL, NULL)
|   ;
|   return 0;
| }
configure:15390: result: no
configure:15397: checking for CFLocaleCopyCurrent
configure:15416: gcc -o conftest -g -O2   conftest.c  -Wl,-framework -Wl,CoreFoundation >&5
conftest.c:42:10: fatal error: CoreFoundation/CFLocale.h: No such file or directory
   42 | #include <CoreFoundation/CFLocale.h>
      |          ^~~~~~~~~~~~~~~~~~~~~~~~~~~
compilation terminated.
configure:15416: $? = 1
configure: failed program was:
| /* confdefs.h */
| #define PACKAGE_NAME "fontconfig"
| #define PACKAGE_TARNAME "fontconfig"
| #define PACKAGE_VERSION "2.13.1"
| #define PACKAGE_STRING "fontconfig 2.13.1"
| #define PACKAGE_BUGREPORT "https://gitlab.freedesktop.org/fontconfig/fontconfig/issues/new"
| #define PACKAGE_URL ""
| #define PACKAGE "fontconfig"
| #define VERSION "2.13.1"
| #define HAVE_STDIO_H 1
| #define HAVE_STDLIB_H 1
| #define HAVE_STRING_H 1
| #define HAVE_INTTYPES_H 1
| #define HAVE_STDINT_H 1
| #define HAVE_STRINGS_H 1
| #define HAVE_SYS_STAT_H 1
| #define HAVE_SYS_TYPES_H 1
| #define HAVE_UNISTD_H 1
| #define HAVE_WCHAR_H 1
| #define HAVE_SYS_PARAM_H 1
| #define STDC_HEADERS 1
| #define _ALL_SOURCE 1
| #define _DARWIN_C_SOURCE 1
| #define _GNU_SOURCE 1
| #define _HPUX_ALT_XOPEN_SOCKET_API 1
| #define _NETBSD_SOURCE 1
| #define _OPENBSD_SOURCE 1
| #define _POSIX_PTHREAD_SEMANTICS 1
| #define __STDC_WANT_IEC_60559_ATTRIBS_EXT__ 1
| #define __STDC_WANT_IEC_60559_BFP_EXT__ 1
| #define __STDC_WANT_IEC_60559_DFP_EXT__ 1
| #define __STDC_WANT_IEC_60559_FUNCS_EXT__ 1
| #define __STDC_WANT_IEC_60559_TYPES_EXT__ 1
| #define __STDC_WANT_LIB_EXT2__ 1
| #define __STDC_WANT_MATH_SPEC_FUNCS__ 1
| #define _TANDEM_SOURCE 1
| #define __EXTENSIONS__ 1
| #define HAVE_DLFCN_H 1
| #define LT_OBJDIR ".libs/"
| #define GETTEXT_PACKAGE "fontconfig"
| /* end confdefs.h.  */
| #include <CoreFoundation/CFLocale.h>
| int
| main (void)
| {
| CFLocaleCopyCurrent();
|   ;
|   return 0;
| }
configure:15426: result: no
configure:15475: checking for GNU gettext in libc
configure:15505: gcc -o conftest -g -O2   conftest.c  >&5
configure:15505: $? = 0
configure:15515: result: yes
configure:16372: checking whether to use NLS
configure:16374: result: yes
configure:16377: checking where the gettext function comes from
configure:16388: result: libc
configure:16501: checking for gcc options needed to detect all undeclared functions
configure:16523: gcc -c -g -O2   conftest.c >&5
conftest.c: In function 'main':
conftest.c:49:8: error: 'strchr' undeclared (first use in this function)
   49 | (void) strchr;
      |        ^~~~~~
conftest.c:1:1: note: 'strchr' is defined in header '<string.h>'; this is probably fixable by adding '#include <string.h>'
    1 | /* confdefs.h */
conftest.c:49:8: note: each undeclared identifier is reported only once for each function it appears in
   49 | (void) strchr;
      |        ^~~~~~
configure:16523: $? = 1
configure: failed program was:
| /* confdefs.h */
| #define PACKAGE_NAME "fontconfig"
| #define PACKAGE_TARNAME "fontconfig"
| #define PACKAGE_VERSION "2.13.1"
| #define PACKAGE_STRING "fontconfig 2.13.1"
| #define PACKAGE_BUGREPORT "https://gitlab.freedesktop.org/fontconfig/fontconfig/issues/new"
| #define PACKAGE_URL ""
| #define PACKAGE "fontconfig"
| #define VERSION "2.13.1"
| #define HAVE_STDIO_H 1
| #define HAVE_STDLIB_H 1
| #define HAVE_STRING_H 1
| #define HAVE_INTTYPES_H 1
| #define HAVE_STDINT_H 1
| #define HAVE_STRINGS_H 1
| #define HAVE_SYS_STAT_H 1
| #define HAVE_SYS_TYPES_H 1
| #define HAVE_UNISTD_H 1
| #define HAVE_WCHAR_H 1
| #define HAVE_SYS_PARAM_H 1
| #define STDC_HEADERS 1
| #define _ALL_SOURCE 1
| #define _DARWIN_C_SOURCE 1
| #define _GNU_SOURCE 1
| #define _HPUX_ALT_XOPEN_SOCKET_API 1
| #define _NETBSD_SOURCE 1
| #define _OPENBSD_SOURCE 1
| #define _POSIX_PTHREAD_SEMANTICS 1
| #define __STDC_WANT_IEC_60559_ATTRIBS_EXT__ 1
| #define __STDC_WANT_IEC_60559_BFP_EXT__ 1
| #define __STDC_WANT_IEC_60559_DFP_EXT__ 1
| #define __STDC_WANT_IEC_60559_FUNCS_EXT__ 1
| #define __STDC_WANT_IEC_60559_TYPES_EXT__ 1
| #define __STDC_WANT_LIB_EXT2__ 1
| #define __STDC_WANT_MATH_SPEC_FUNCS__ 1
| #define _TANDEM_SOURCE 1
| #define __EXTENSIONS__ 1
| #define HAVE_DLFCN_H 1
| #define LT_OBJDIR ".libs/"
| #define GETTEXT_PACKAGE "fontconfig"
| #define ENABLE_NLS 1
| #define HAVE_GETTEXT 1
| #define HAVE_DCGETTEXT 1
| /* end confdefs.h.  */
| 
| int
| main (void)
| {
| (void) strchr;
|   ;
|   return 0;
| }
configure:16550: gcc -c -g -O2   conftest.c >&5
configure:16550: $? = 0
configure:16567: result: none needed
configure:16581: checking whether __SUNPRO_C is declared
configure:16581: gcc -c -g -O2   conftest.c >&5
conftest.c: In function 'main':
conftest.c:80:10: error: '__SUNPRO_C' undeclared (first use in this function)
   80 |   (void) __SUNPRO_C;
      |          ^~~~~~~~~~
conftest.c:80:10: note: each undeclared identifier is reported only once for each function it appears in
configure:16581: $? = 1
configure: failed program was:
| /* confdefs.h */
| #define PACKAGE_NAME "fontconfig"
| #define PACKAGE_TARNAME "fontconfig"
| #define PACKAGE_VERSION "2.13.1"
| #define PACKAGE_STRING "fontconfig 2.13.1"
| #define PACKAGE_BUGREPORT "https://gitlab.freedesktop.org/fontconfig/fontconfig/issues/new"
| #define PACKAGE_URL ""
| #define PACKAGE "fontconfig"
| #define VERSION "2.13.1"
| #define HAVE_STDIO_H 1
| #define HAVE_STDLIB_H 1
| #define HAVE_STRING_H 1
| #define HAVE_INTTYPES_H 1
| #define HAVE_STDINT_H 1
| #define HAVE_STRINGS_H 1
| #define HAVE_SYS_STAT_H 1
| #define HAVE_SYS_TYPES_H 1
| #define HAVE_UNISTD_H 1
| #define HAVE_WCHAR_H 1
| #define HAVE_SYS_PARAM_H 1
| #define STDC_HEADERS 1
| #define _ALL_SOURCE 1
| #define _DARWIN_C_SOURCE 1
| #define _GNU_SOURCE 1
| #define _HPUX_ALT_XOPEN_SOCKET_API 1
| #define _NETBSD_SOURCE 1
| #define _OPENBSD_SOURCE 1
| #define _POSIX_PTHREAD_SEMANTICS 1
| #define __STDC_WANT_IEC_60559_ATTRIBS_EXT__ 1
| #define __STDC_WANT_IEC_60559_BFP_EXT__ 1
| #define __STDC_WANT_IEC_60559_DFP_EXT__ 1
| #define __STDC_WANT_IEC_60559_FUNCS_EXT__ 1
| #define __STDC_WANT_IEC_60559_TYPES_EXT__ 1
| #define __STDC_WANT_LIB_EXT2__ 1
| #define __STDC_WANT_MATH_SPEC_FUNCS__ 1
| #define _TANDEM_SOURCE 1
| #define __EXTENSIONS__ 1
| #define HAVE_DLFCN_H 1
| #define LT_OBJDIR ".libs/"
| #define GETTEXT_PACKAGE "fontconfig"
| #define ENABLE_NLS 1
| #define HAVE_GETTEXT 1
| #define HAVE_DCGETTEXT 1
| /* end confdefs.h.  */
| #include <stddef.h>
| #ifdef HAVE_STDIO_H
| # include <stdio.h>
| #endif
| #ifdef HAVE_STDLIB_H
| # include <stdlib.h>
| #endif
| #ifdef HAVE_STRING_H
| # include <string.h>
| #endif
| #ifdef HAVE_INTTYPES_H
| # include <inttypes.h>
| #endif
| #ifdef HAVE_STDINT_H
| # include <stdint.h>
| #endif
| #ifdef HAVE_STRINGS_H
| # include <strings.h>
| #endif
| #ifdef HAVE_SYS_TYPES_H
| # include <sys/types.h>
| #endif
| #ifdef HAVE_SYS_STAT_H
| # include <sys/stat.h>
| #endif
| #ifdef HAVE_UNISTD_H
| # include <unistd.h>
| #endif
| int
| main (void)
| {
| #ifndef __SUNPRO_C
| #ifdef __cplusplus
|   (void) __SUNPRO_C;
| #else
|   (void) __SUNPRO_C;
| #endif
| #endif
| 
|   ;
|   return 0;
| }
configure:16581: result: no
configure:16687: checking for dirent.h that defines DIR
configure:16707: gcc -c -g -O2  conftest.c >&5
configure:16707: $? = 0
configure:16716: result: yes
configure:16730: checking for library containing opendir
configure:16760: gcc -o conftest -g -O2   conftest.c  >&5
configure:16760: $? = 0
configure:16780: result: none required
configure:16854: checking for egrep
configure:16922: result: /usr/bin/grep -E
configure:16928: checking for fcntl.h
configure:16928: gcc -c -g -O2  conftest.c >&5
configure:16928: $? = 0
configure:16928: result: yes
configure:16934: checking for stdlib.h
configure:16934: result: yes
configure:16940: checking for string.h
configure:16940: result: yes
configure:16946: checking for unistd.h
configure:16946: result: yes
configure:16952: checking for sys/statvfs.h
configure:16952: gcc -c -g -O2  conftest.c >&5
configure:16952: $? = 0
configure:16952: result: yes
configure:16958: checking for sys/vfs.h
configure:16958: gcc -c -g -O2  conftest.c >&5
configure:16958: $? = 0
configure:16958: result: yes
configure:16964: checking for sys/statfs.h
configure:16964: gcc -c -g -O2  conftest.c >&5
configure:16964: $? = 0
configure:16964: result: yes
configure:16970: checking for sys/param.h
configure:16970: result: yes
configure:16976: checking for sys/mount.h
configure:16976: gcc -c -g -O2  conftest.c >&5
configure:16976: $? = 0
configure:16976: result: yes
configure:16984: checking for stdint types
configure:17008: gcc -c   conftest.c >&5
configure:17008: $? = 0
configure:17054: result: stdint.h (shortcircuit)
configure:17453: result: make use of stdint.h in src/fcstdint.h (assuming C99 compatible system)
configure:17462: checking for an ANSI C-conforming const
configure:17529: gcc -c -g -O2  conftest.c >&5
configure:17529: $? = 0
configure:17537: result: yes
configure:17545: checking for inline
configure:17562: gcc -c -g -O2  conftest.c >&5
configure:17562: $? = 0
configure:17571: result: inline
configure:17590: checking for flexible array members
configure:17614: gcc -c -g -O2  conftest.c >&5
configure:17614: $? = 0
configure:17622: result: yes
configure:17634: checking for pid_t
configure:17634: gcc -c -g -O2  conftest.c >&5
configure:17634: $? = 0
configure:17634: gcc -c -g -O2  conftest.c >&5
conftest.c: In function 'main':
conftest.c:89:20: error: expected expression before ')' token
   89 | if (sizeof ((pid_t)))
      |                    ^
configure:17634: $? = 1
configure: failed program was:
| /* confdefs.h */
| #define PACKAGE_NAME "fontconfig"
| #define PACKAGE_TARNAME "fontconfig"
| #define PACKAGE_VERSION "2.13.1"
| #define PACKAGE_STRING "fontconfig 2.13.1"
| #define PACKAGE_BUGREPORT "https://gitlab.freedesktop.org/fontconfig/fontconfig/issues/new"
| #define PACKAGE_URL ""
| #define PACKAGE "fontconfig"
| #define VERSION "2.13.1"
| #define HAVE_STDIO_H 1
| #define HAVE_STDLIB_H 1
| #define HAVE_STRING_H 1
| #define HAVE_INTTYPES_H 1
| #define HAVE_STDINT_H 1
| #define HAVE_STRINGS_H 1
| #define HAVE_SYS_STAT_H 1
| #define HAVE_SYS_TYPES_H 1
| #define HAVE_UNISTD_H 1
| #define HAVE_WCHAR_H 1
| #define HAVE_SYS_PARAM_H 1
| #define STDC_HEADERS 1
| #define _ALL_SOURCE 1
| #define _DARWIN_C_SOURCE 1
| #define _GNU_SOURCE 1
| #define _HPUX_ALT_XOPEN_SOCKET_API 1
| #define _NETBSD_SOURCE 1
| #define _OPENBSD_SOURCE 1
| #define _POSIX_PTHREAD_SEMANTICS 1
| #define __STDC_WANT_IEC_60559_ATTRIBS_EXT__ 1
| #define __STDC_WANT_IEC_60559_BFP_EXT__ 1
| #define __STDC_WANT_IEC_60559_DFP_EXT__ 1
| #define __STDC_WANT_IEC_60559_FUNCS_EXT__ 1
| #define __STDC_WANT_IEC_60559_TYPES_EXT__ 1
| #define __STDC_WANT_LIB_EXT2__ 1
| #define __STDC_WANT_MATH_SPEC_FUNCS__ 1
| #define _TANDEM_SOURCE 1
| #define __EXTENSIONS__ 1
| #define HAVE_DLFCN_H 1
| #define LT_OBJDIR ".libs/"
| #define GETTEXT_PACKAGE "fontconfig"
| #define ENABLE_NLS 1
| #define HAVE_GETTEXT 1
| #define HAVE_DCGETTEXT 1
| #define HAVE_WARNING_CPP_DIRECTIVE 1
| #define HAVE_DIRENT_H 1
| #define HAVE_FCNTL_H 1
| #define HAVE_STDLIB_H 1
| #define HAVE_STRING_H 1
| #define HAVE_UNISTD_H 1
| #define HAVE_SYS_STATVFS_H 1
| #define HAVE_SYS_VFS_H 1
| #define HAVE_SYS_STATFS_H 1
| #define HAVE_SYS_PARAM_H 1
| #define HAVE_SYS_MOUNT_H 1
| #define FLEXIBLE_ARRAY_MEMBER /**/
| /* end confdefs.h.  */
| #include <stddef.h>
| #ifdef HAVE_STDIO_H
| # include <stdio.h>
| #endif
| #ifdef HAVE_STDLIB_H
| # include <stdlib.h>
| #endif
| #ifdef HAVE_STRING_H
| # include <string.h>
| #endif
| #ifdef HAVE_INTTYPES_H
| # include <inttypes.h>
| #endif
| #ifdef HAVE_STDINT_H
| # include <stdint.h>
| #endif
| #ifdef HAVE_STRINGS_H
| # include <strings.h>
| #endif
| #ifdef HAVE_SYS_TYPES_H
| # include <sys/types.h>
| #endif
| #ifdef HAVE_SYS_STAT_H
| # include <sys/stat.h>
| #endif
| #ifdef HAVE_UNISTD_H
| # include <unistd.h>
| #endif
| 
| int
| main (void)
| {
| if (sizeof ((pid_t)))
| 	    return 0;
|   ;
|   return 0;
| }
configure:17634: result: yes
configure:17676: checking for vprintf
configure:17676: gcc -o conftest -g -O2   conftest.c  >&5
conftest.c:73:6: warning: conflicting types for built-in function 'vprintf'; expected 'int(const char *, __va_list_tag *)' [-Wbuiltin-declaration-mismatch]
   73 | char vprintf ();
      |      ^~~~~~~
conftest.c:65:1: note: 'vprintf' is declared in header '<stdio.h>'
   64 | #include <limits.h>
   65 | #undef vprintf
configure:17676: $? = 0
configure:17676: result: yes
configure:17676: checking for getpagesize
configure:17676: gcc -o conftest -g -O2   conftest.c  >&5
configure:17676: $? = 0
configure:17676: result: yes
configure:17701: checking for working mmap
configure:17853: gcc -o conftest -g -O2   conftest.c  >&5
configure:17853: $? = 0
configure:17853: ./conftest
configure:17853: $? = 0
configure:17864: result: yes
configure:17873: checking for link
configure:17873: gcc -o conftest -g -O2   conftest.c  >&5
configure:17873: $? = 0
configure:17873: result: yes
configure:17879: checking for mkstemp
configure:17879: gcc -o conftest -g -O2   conftest.c  >&5
configure:17879: $? = 0
configure:17879: result: yes
configure:17885: checking for mkostemp
configure:17885: gcc -o conftest -g -O2   conftest.c  >&5
configure:17885: $? = 0
configure:17885: result: yes
configure:17891: checking for _mktemp_s
configure:17891: gcc -o conftest -g -O2   conftest.c  >&5
/usr/bin/ld: /tmp/ccFvVf7J.o: in function `main':
/home/christian/projects/chris-terminal-emulator/fontconfig/conftest.c:90:(.text.startup+0xb): undefined reference to `_mktemp_s'
collect2: error: ld returned 1 exit status
configure:17891: $? = 1
configure: failed program was:
| /* confdefs.h */
| #define PACKAGE_NAME "fontconfig"
| #define PACKAGE_TARNAME "fontconfig"
| #define PACKAGE_VERSION "2.13.1"
| #define PACKAGE_STRING "fontconfig 2.13.1"
| #define PACKAGE_BUGREPORT "https://gitlab.freedesktop.org/fontconfig/fontconfig/issues/new"
| #define PACKAGE_URL ""
| #define PACKAGE "fontconfig"
| #define VERSION "2.13.1"
| #define HAVE_STDIO_H 1
| #define HAVE_STDLIB_H 1
| #define HAVE_STRING_H 1
| #define HAVE_INTTYPES_H 1
| #define HAVE_STDINT_H 1
| #define HAVE_STRINGS_H 1
| #define HAVE_SYS_STAT_H 1
| #define HAVE_SYS_TYPES_H 1
| #define HAVE_UNISTD_H 1
| #define HAVE_WCHAR_H 1
| #define HAVE_SYS_PARAM_H 1
| #define STDC_HEADERS 1
| #define _ALL_SOURCE 1
| #define _DARWIN_C_SOURCE 1
| #define _GNU_SOURCE 1
| #define _HPUX_ALT_XOPEN_SOCKET_API 1
| #define _NETBSD_SOURCE 1
| #define _OPENBSD_SOURCE 1
| #define _POSIX_PTHREAD_SEMANTICS 1
| #define __STDC_WANT_IEC_60559_ATTRIBS_EXT__ 1
| #define __STDC_WANT_IEC_60559_BFP_EXT__ 1
| #define __STDC_WANT_IEC_60559_DFP_EXT__ 1
| #define __STDC_WANT_IEC_60559_FUNCS_EXT__ 1
| #define __STDC_WANT_IEC_60559_TYPES_EXT__ 1
| #define __STDC_WANT_LIB_EXT2__ 1
| #define __STDC_WANT_MATH_SPEC_FUNCS__ 1
| #define _TANDEM_SOURCE 1
| #define __EXTENSIONS__ 1
| #define HAVE_DLFCN_H 1
| #define LT_OBJDIR ".libs/"
| #define GETTEXT_PACKAGE "fontconfig"
| #define ENABLE_NLS 1
| #define HAVE_GETTEXT 1
| #define HAVE_DCGETTEXT 1
| #define HAVE_WARNING_CPP_DIRECTIVE 1
| #define HAVE_DIRENT_H 1
| #define HAVE_FCNTL_H 1
| #define HAVE_STDLIB_H 1
| #define HAVE_STRING_H 1
| #define HAVE_UNISTD_H 1
| #define HAVE_SYS_STATVFS_H 1
| #define HAVE_SYS_VFS_H 1
| #define HAVE_SYS_STATFS_H 1
| #define HAVE_SYS_PARAM_H 1
| #define HAVE_SYS_MOUNT_H 1
| #define FLEXIBLE_ARRAY_MEMBER /**/
| #define HAVE_VPRINTF 1
| #define HAVE_GETPAGESIZE 1
| #define HAVE_MMAP 1
| #define HAVE_LINK 1
| #define HAVE_MKSTEMP 1
| #define HAVE_MKOSTEMP 1
| /* end confdefs.h.  */
| /* Define _mktemp_s to an innocuous variant, in case <limits.h> declares _mktemp_s.
|    For example, HP-UX 11i <limits.h> declares gettimeofday.  */
| #define _mktemp_s innocuous__mktemp_s
| 
| /* System header to define __stub macros and hopefully few prototypes,
|    which can conflict with char _mktemp_s (); below.  */
| 
| #include <limits.h>
| #undef _mktemp_s
| 
| /* Override any GCC internal prototype to avoid an error.
|    Use char because int might match the return type of a GCC
|    builtin and then its argument prototype would still apply.  */
| #ifdef __cplusplus
| extern "C"
| #endif
| char _mktemp_s ();
| /* The GNU C library defines this for functions which it implements
|     to always fail with ENOSYS.  Some functions are actually named
|     something starting with __ and the normal name is an alias.  */
| #if defined __stub__mktemp_s || defined __stub____mktemp_s
| choke me
| #endif
| 
| int
| main (void)
| {
| return _mktemp_s ();
|   ;
|   return 0;
| }
configure:17891: result: no
configure:17897: checking for mkdtemp
configure:17897: gcc -o conftest -g -O2   conftest.c  >&5
configure:17897: $? = 0
configure:17897: result: yes
configure:17903: checking for getopt
configure:17903: gcc -o conftest -g -O2   conftest.c  >&5
configure:17903: $? = 0
configure:17903: result: yes
configure:17909: checking for getopt_long
configure:17909: gcc -o conftest -g -O2   conftest.c  >&5
configure:17909: $? = 0
configure:17909: result: yes
configure:17915: checking for getprogname
configure:17915: gcc -o conftest -g -O2   conftest.c  >&5
/usr/bin/ld: /tmp/ccCimxz7.o: in function `main':
/home/christian/projects/chris-terminal-emulator/fontconfig/conftest.c:93:(.text.startup+0xb): undefined reference to `getprogname'
collect2: error: ld returned 1 exit status
configure:17915: $? = 1
configure: failed program was:
| /* confdefs.h */
| #define PACKAGE_NAME "fontconfig"
| #define PACKAGE_TARNAME "fontconfig"
| #define PACKAGE_VERSION "2.13.1"
| #define PACKAGE_STRING "fontconfig 2.13.1"
| #define PACKAGE_BUGREPORT "https://gitlab.freedesktop.org/fontconfig/fontconfig/issues/new"
| #define PACKAGE_URL ""
| #define PACKAGE "fontconfig"
| #define VERSION "2.13.1"
| #define HAVE_STDIO_H 1
| #define HAVE_STDLIB_H 1
| #define HAVE_STRING_H 1
| #define HAVE_INTTYPES_H 1
| #define HAVE_STDINT_H 1
| #define HAVE_STRINGS_H 1
| #define HAVE_SYS_STAT_H 1
| #define HAVE_SYS_TYPES_H 1
| #define HAVE_UNISTD_H 1
| #define HAVE_WCHAR_H 1
| #define HAVE_SYS_PARAM_H 1
| #define STDC_HEADERS 1
| #define _ALL_SOURCE 1
| #define _DARWIN_C_SOURCE 1
| #define _GNU_SOURCE 1
| #define _HPUX_ALT_XOPEN_SOCKET_API 1
| #define _NETBSD_SOURCE 1
| #define _OPENBSD_SOURCE 1
| #define _POSIX_PTHREAD_SEMANTICS 1
| #define __STDC_WANT_IEC_60559_ATTRIBS_EXT__ 1
| #define __STDC_WANT_IEC_60559_BFP_EXT__ 1
| #define __STDC_WANT_IEC_60559_DFP_EXT__ 1
| #define __STDC_WANT_IEC_60559_FUNCS_EXT__ 1
| #define __STDC_WANT_IEC_60559_TYPES_EXT__ 1
| #define __STDC_WANT_LIB_EXT2__ 1
| #define __STDC_WANT_MATH_SPEC_FUNCS__ 1
| #define _TANDEM_SOURCE 1
| #define __EXTENSIONS__ 1
| #define HAVE_DLFCN_H 1
| #define LT_OBJDIR ".libs/"
| #define GETTEXT_PACKAGE "fontconfig"
| #define ENABLE_NLS 1
| #define HAVE_GETTEXT 1
| #define HAVE_DCGETTEXT 1
| #define HAVE_WARNING_CPP_DIRECTIVE 1
| #define HAVE_DIRENT_H 1
| #define HAVE_FCNTL_H 1
| #define HAVE_STDLIB_H 1
| #define HAVE_STRING_H 1
| #define HAVE_UNISTD_H 1
| #define HAVE_SYS_STATVFS_H 1
| #define HAVE_SYS_VFS_H 1
| #define HAVE_SYS_STATFS_H 1
| #define HAVE_SYS_PARAM_H 1
| #define HAVE_SYS_MOUNT_H 1
| #define FLEXIBLE_ARRAY_MEMBER /**/
| #define HAVE_VPRINTF 1
| #define HAVE_GETPAGESIZE 1
| #define HAVE_MMAP 1
| #define HAVE_LINK 1
| #define HAVE_MKSTEMP 1
| #define HAVE_MKOSTEMP 1
| #define HAVE_MKDTEMP 1
| #define HAVE_GETOPT 1
| #define HAVE_GETOPT_LONG 1
| /* end confdefs.h.  */
| /* Define getprogname to an innocuous variant, in case <limits.h> declares getprogname.
|    For example, HP-UX 11i <limits.h> declares gettimeofday.  */
| #define getprogname innocuous_getprogname
| 
| /* System header to define __stub macros and hopefully few prototypes,
|    which can conflict with char getprogname (); below.  */
| 
| #include <limits.h>
| #undef getprogname
| 
| /* Override any GCC internal prototype to avoid an error.
|    Use char because int might match the return type of a GCC
|    builtin and then its argument prototype would still apply.  */
| #ifdef __cplusplus
| extern "C"
| #endif
| char getprogname ();
| /* The GNU C library defines this for functions which it implements
|     to always fail with ENOSYS.  Some functions are actually named
|     something starting with __ and the normal name is an alias.  */
| #if defined __stub_getprogname || defined __stub___getprogname
| choke me
| #endif
| 
| int
| main (void)
| {
| return getprogname ();
|   ;
|   return 0;
| }
configure:17915: result: no
configure:17921: checking for getexecname
configure:17921: gcc -o conftest -g -O2   conftest.c  >&5
/usr/bin/ld: /tmp/ccsEuL4B.o: in function `main':
/home/christian/projects/chris-terminal-emulator/fontconfig/conftest.c:93:(.text.startup+0xb): undefined reference to `getexecname'
collect2: error: ld returned 1 exit status
configure:17921: $? = 1
configure: failed program was:
| /* confdefs.h */
| #define PACKAGE_NAME "fontconfig"
| #define PACKAGE_TARNAME "fontconfig"
| #define PACKAGE_VERSION "2.13.1"
| #define PACKAGE_STRING "fontconfig 2.13.1"
| #define PACKAGE_BUGREPORT "https://gitlab.freedesktop.org/fontconfig/fontconfig/issues/new"
| #define PACKAGE_URL ""
| #define PACKAGE "fontconfig"
| #define VERSION "2.13.1"
| #define HAVE_STDIO_H 1
| #define HAVE_STDLIB_H 1
| #define HAVE_STRING_H 1
| #define HAVE_INTTYPES_H 1
| #define HAVE_STDINT_H 1
| #define HAVE_STRINGS_H 1
| #define HAVE_SYS_STAT_H 1
| #define HAVE_SYS_TYPES_H 1
| #define HAVE_UNISTD_H 1
| #define HAVE_WCHAR_H 1
| #define HAVE_SYS_PARAM_H 1
| #define STDC_HEADERS 1
| #define _ALL_SOURCE 1
| #define _DARWIN_C_SOURCE 1
| #define _GNU_SOURCE 1
| #define _HPUX_ALT_XOPEN_SOCKET_API 1
| #define _NETBSD_SOURCE 1
| #define _OPENBSD_SOURCE 1
| #define _POSIX_PTHREAD_SEMANTICS 1
| #define __STDC_WANT_IEC_60559_ATTRIBS_EXT__ 1
| #define __STDC_WANT_IEC_60559_BFP_EXT__ 1
| #define __STDC_WANT_IEC_60559_DFP_EXT__ 1
| #define __STDC_WANT_IEC_60559_FUNCS_EXT__ 1
| #define __STDC_WANT_IEC_60559_TYPES_EXT__ 1
| #define __STDC_WANT_LIB_EXT2__ 1
| #define __STDC_WANT_MATH_SPEC_FUNCS__ 1
| #define _TANDEM_SOURCE 1
| #define __EXTENSIONS__ 1
| #define HAVE_DLFCN_H 1
| #define LT_OBJDIR ".libs/"
| #define GETTEXT_PACKAGE "fontconfig"
| #define ENABLE_NLS 1
| #define HAVE_GETTEXT 1
| #define HAVE_DCGETTEXT 1
| #define HAVE_WARNING_CPP_DIRECTIVE 1
| #define HAVE_DIRENT_H 1
| #define HAVE_FCNTL_H 1
| #define HAVE_STDLIB_H 1
| #define HAVE_STRING_H 1
| #define HAVE_UNISTD_H 1
| #define HAVE_SYS_STATVFS_H 1
| #define HAVE_SYS_VFS_H 1
| #define HAVE_SYS_STATFS_H 1
| #define HAVE_SYS_PARAM_H 1
| #define HAVE_SYS_MOUNT_H 1
| #define FLEXIBLE_ARRAY_MEMBER /**/
| #define HAVE_VPRINTF 1
| #define HAVE_GETPAGESIZE 1
| #define HAVE_MMAP 1
| #define HAVE_LINK 1
| #define HAVE_MKSTEMP 1
| #define HAVE_MKOSTEMP 1
| #define HAVE_MKDTEMP 1
| #define HAVE_GETOPT 1
| #define HAVE_GETOPT_LONG 1
| /* end confdefs.h.  */
| /* Define getexecname to an innocuous variant, in case <limits.h> declares getexecname.
|    For example, HP-UX 11i <limits.h> declares gettimeofday.  */
| #define getexecname innocuous_getexecname
| 
| /* System header to define __stub macros and hopefully few prototypes,
|    which can conflict with char getexecname (); below.  */
| 
| #include <limits.h>
| #undef getexecname
| 
| /* Override any GCC internal prototype to avoid an error.
|    Use char because int might match the return type of a GCC
|    builtin and then its argument prototype would still apply.  */
| #ifdef __cplusplus
| extern "C"
| #endif
| char getexecname ();
| /* The GNU C library defines this for functions which it implements
|     to always fail with ENOSYS.  Some functions are actually named
|     something starting with __ and the normal name is an alias.  */
| #if defined __stub_getexecname || defined __stub___getexecname
| choke me
| #endif
| 
| int
| main (void)
| {
| return getexecname ();
|   ;
|   return 0;
| }
configure:17921: result: no
configure:17927: checking for rand
configure:17927: gcc -o conftest -g -O2   conftest.c  >&5
configure:17927: $? = 0
configure:17927: result: yes
configure:17933: checking for random
configure:17933: gcc -o conftest -g -O2   conftest.c  >&5
configure:17933: $? = 0
configure:17933: result: yes
configure:17939: checking for lrand48
configure:17939: gcc -o conftest -g -O2   conftest.c  >&5
configure:17939: $? = 0
configure:17939: result: yes
configure:17945: checking for random_r
configure:17945: gcc -o conftest -g -O2   conftest.c  >&5
configure:17945: $? = 0
configure:17945: result: yes
configure:17951: checking for rand_r
configure:17951: gcc -o conftest -g -O2   conftest.c  >&5
configure:17951: $? = 0
configure:17951: result: yes
configure:17957: checking for readlink
configure:17957: gcc -o conftest -g -O2   conftest.c  >&5
configure:17957: $? = 0
configure:17957: result: yes
configure:17963: checking for fstatvfs
configure:17963: gcc -o conftest -g -O2   conftest.c  >&5
configure:17963: $? = 0
configure:17963: result: yes
configure:17969: checking for fstatfs
configure:17969: gcc -o conftest -g -O2   conftest.c  >&5
configure:17969: $? = 0
configure:17969: result: yes
configure:17975: checking for lstat
configure:17975: gcc -o conftest -g -O2   conftest.c  >&5
configure:17975: $? = 0
configure:17975: result: yes
configure:17981: checking for strerror
configure:17981: gcc -o conftest -g -O2   conftest.c  >&5
configure:17981: $? = 0
configure:17981: result: yes
configure:17987: checking for strerror_r
configure:17987: gcc -o conftest -g -O2   conftest.c  >&5
configure:17987: $? = 0
configure:17987: result: yes
configure:17995: checking for posix_fadvise in fcntl.h
configure:18023: result: fcntl.h
configure:18039: checking for struct stat.st_mtim
configure:18039: gcc -c -g -O2  conftest.c >&5
conftest.c: In function 'main':
conftest.c:84:5: error: used struct type value where scalar is required
   84 | if (ac_aggr.st_mtim)
      |     ^~~~~~~
configure:18039: $? = 1
configure: failed program was:
| /* confdefs.h */
| #define PACKAGE_NAME "fontconfig"
| #define PACKAGE_TARNAME "fontconfig"
| #define PACKAGE_VERSION "2.13.1"
| #define PACKAGE_STRING "fontconfig 2.13.1"
| #define PACKAGE_BUGREPORT "https://gitlab.freedesktop.org/fontconfig/fontconfig/issues/new"
| #define PACKAGE_URL ""
| #define PACKAGE "fontconfig"
| #define VERSION "2.13.1"
| #define HAVE_STDIO_H 1
| #define HAVE_STDLIB_H 1
| #define HAVE_STRING_H 1
| #define HAVE_INTTYPES_H 1
| #define HAVE_STDINT_H 1
| #define HAVE_STRINGS_H 1
| #define HAVE_SYS_STAT_H 1
| #define HAVE_SYS_TYPES_H 1
| #define HAVE_UNISTD_H 1
| #define HAVE_WCHAR_H 1
| #define HAVE_SYS_PARAM_H 1
| #define STDC_HEADERS 1
| #define _ALL_SOURCE 1
| #define _DARWIN_C_SOURCE 1
| #define _GNU_SOURCE 1
| #define _HPUX_ALT_XOPEN_SOCKET_API 1
| #define _NETBSD_SOURCE 1
| #define _OPENBSD_SOURCE 1
| #define _POSIX_PTHREAD_SEMANTICS 1
| #define __STDC_WANT_IEC_60559_ATTRIBS_EXT__ 1
| #define __STDC_WANT_IEC_60559_BFP_EXT__ 1
| #define __STDC_WANT_IEC_60559_DFP_EXT__ 1
| #define __STDC_WANT_IEC_60559_FUNCS_EXT__ 1
| #define __STDC_WANT_IEC_60559_TYPES_EXT__ 1
| #define __STDC_WANT_LIB_EXT2__ 1
| #define __STDC_WANT_MATH_SPEC_FUNCS__ 1
| #define _TANDEM_SOURCE 1
| #define __EXTENSIONS__ 1
| #define HAVE_DLFCN_H 1
| #define LT_OBJDIR ".libs/"
| #define GETTEXT_PACKAGE "fontconfig"
| #define ENABLE_NLS 1
| #define HAVE_GETTEXT 1
| #define HAVE_DCGETTEXT 1
| #define HAVE_WARNING_CPP_DIRECTIVE 1
| #define HAVE_DIRENT_H 1
| #define HAVE_FCNTL_H 1
| #define HAVE_STDLIB_H 1
| #define HAVE_STRING_H 1
| #define HAVE_UNISTD_H 1
| #define HAVE_SYS_STATVFS_H 1
| #define HAVE_SYS_VFS_H 1
| #define HAVE_SYS_STATFS_H 1
| #define HAVE_SYS_PARAM_H 1
| #define HAVE_SYS_MOUNT_H 1
| #define FLEXIBLE_ARRAY_MEMBER /**/
| #define HAVE_VPRINTF 1
| #define HAVE_GETPAGESIZE 1
| #define HAVE_MMAP 1
| #define HAVE_LINK 1
| #define HAVE_MKSTEMP 1
| #define HAVE_MKOSTEMP 1
| #define HAVE_MKDTEMP 1
| #define HAVE_GETOPT 1
| #define HAVE_GETOPT_LONG 1
| #define HAVE_RAND 1
| #define HAVE_RANDOM 1
| #define HAVE_LRAND48 1
| #define HAVE_RANDOM_R 1
| #define HAVE_RAND_R 1
| #define HAVE_READLINK 1
| #define HAVE_FSTATVFS 1
| #define HAVE_FSTATFS 1
| #define HAVE_LSTAT 1
| #define HAVE_STRERROR 1
| #define HAVE_STRERROR_R 1
| #define HAVE_POSIX_FADVISE 1
| /* end confdefs.h.  */
| #include <sys/stat.h>
| 
| int
| main (void)
| {
| static struct stat ac_aggr;
| if (ac_aggr.st_mtim)
| return 0;
|   ;
|   return 0;
| }
configure:18039: gcc -c -g -O2  conftest.c >&5
configure:18039: $? = 0
configure:18039: result: yes
configure:18052: checking for struct statvfs.f_basetype
configure:18052: gcc -c -g -O2  conftest.c >&5
conftest.c: In function 'main':
conftest.c:85:13: error: 'struct statvfs' has no member named 'f_basetype'; did you mean 'f_type'?
   85 | if (ac_aggr.f_basetype)
      |             ^~~~~~~~~~
      |             f_type
configure:18052: $? = 1
configure: failed program was:
| /* confdefs.h */
| #define PACKAGE_NAME "fontconfig"
| #define PACKAGE_TARNAME "fontconfig"
| #define PACKAGE_VERSION "2.13.1"
| #define PACKAGE_STRING "fontconfig 2.13.1"
| #define PACKAGE_BUGREPORT "https://gitlab.freedesktop.org/fontconfig/fontconfig/issues/new"
| #define PACKAGE_URL ""
| #define PACKAGE "fontconfig"
| #define VERSION "2.13.1"
| #define HAVE_STDIO_H 1
| #define HAVE_STDLIB_H 1
| #define HAVE_STRING_H 1
| #define HAVE_INTTYPES_H 1
| #define HAVE_STDINT_H 1
| #define HAVE_STRINGS_H 1
| #define HAVE_SYS_STAT_H 1
| #define HAVE_SYS_TYPES_H 1
| #define HAVE_UNISTD_H 1
| #define HAVE_WCHAR_H 1
| #define HAVE_SYS_PARAM_H 1
| #define STDC_HEADERS 1
| #define _ALL_SOURCE 1
| #define _DARWIN_C_SOURCE 1
| #define _GNU_SOURCE 1
| #define _HPUX_ALT_XOPEN_SOCKET_API 1
| #define _NETBSD_SOURCE 1
| #define _OPENBSD_SOURCE 1
| #define _POSIX_PTHREAD_SEMANTICS 1
| #define __STDC_WANT_IEC_60559_ATTRIBS_EXT__ 1
| #define __STDC_WANT_IEC_60559_BFP_EXT__ 1
| #define __STDC_WANT_IEC_60559_DFP_EXT__ 1
| #define __STDC_WANT_IEC_60559_FUNCS_EXT__ 1
| #define __STDC_WANT_IEC_60559_TYPES_EXT__ 1
| #define __STDC_WANT_LIB_EXT2__ 1
| #define __STDC_WANT_MATH_SPEC_FUNCS__ 1
| #define _TANDEM_SOURCE 1
| #define __EXTENSIONS__ 1
| #define HAVE_DLFCN_H 1
| #define LT_OBJDIR ".libs/"
| #define GETTEXT_PACKAGE "fontconfig"
| #define ENABLE_NLS 1
| #define HAVE_GETTEXT 1
| #define HAVE_DCGETTEXT 1
| #define HAVE_WARNING_CPP_DIRECTIVE 1
| #define HAVE_DIRENT_H 1
| #define HAVE_FCNTL_H 1
| #define HAVE_STDLIB_H 1
| #define HAVE_STRING_H 1
| #define HAVE_UNISTD_H 1
| #define HAVE_SYS_STATVFS_H 1
| #define HAVE_SYS_VFS_H 1
| #define HAVE_SYS_STATFS_H 1
| #define HAVE_SYS_PARAM_H 1
| #define HAVE_SYS_MOUNT_H 1
| #define FLEXIBLE_ARRAY_MEMBER /**/
| #define HAVE_VPRINTF 1
| #define HAVE_GETPAGESIZE 1
| #define HAVE_MMAP 1
| #define HAVE_LINK 1
| #define HAVE_MKSTEMP 1
| #define HAVE_MKOSTEMP 1
| #define HAVE_MKDTEMP 1
| #define HAVE_GETOPT 1
| #define HAVE_GETOPT_LONG 1
| #define HAVE_RAND 1
| #define HAVE_RANDOM 1
| #define HAVE_LRAND48 1
| #define HAVE_RANDOM_R 1
| #define HAVE_RAND_R 1
| #define HAVE_READLINK 1
| #define HAVE_FSTATVFS 1
| #define HAVE_FSTATFS 1
| #define HAVE_LSTAT 1
| #define HAVE_STRERROR 1
| #define HAVE_STRERROR_R 1
| #define HAVE_POSIX_FADVISE 1
| #define HAVE_STRUCT_STAT_ST_MTIM 1
| /* end confdefs.h.  */
| #include <sys/statvfs.h>
| 
| int
| main (void)
| {
| static struct statvfs ac_aggr;
| if (ac_aggr.f_basetype)
| return 0;
|   ;
|   return 0;
| }
configure:18052: gcc -c -g -O2  conftest.c >&5
conftest.c: In function 'main':
conftest.c:85:20: error: 'struct statvfs' has no member named 'f_basetype'; did you mean 'f_type'?
   85 | if (sizeof ac_aggr.f_basetype)
      |                    ^~~~~~~~~~
      |                    f_type
configure:18052: $? = 1
configure: failed program was:
| /* confdefs.h */
| #define PACKAGE_NAME "fontconfig"
| #define PACKAGE_TARNAME "fontconfig"
| #define PACKAGE_VERSION "2.13.1"
| #define PACKAGE_STRING "fontconfig 2.13.1"
| #define PACKAGE_BUGREPORT "https://gitlab.freedesktop.org/fontconfig/fontconfig/issues/new"
| #define PACKAGE_URL ""
| #define PACKAGE "fontconfig"
| #define VERSION "2.13.1"
| #define HAVE_STDIO_H 1
| #define HAVE_STDLIB_H 1
| #define HAVE_STRING_H 1
| #define HAVE_INTTYPES_H 1
| #define HAVE_STDINT_H 1
| #define HAVE_STRINGS_H 1
| #define HAVE_SYS_STAT_H 1
| #define HAVE_SYS_TYPES_H 1
| #define HAVE_UNISTD_H 1
| #define HAVE_WCHAR_H 1
| #define HAVE_SYS_PARAM_H 1
| #define STDC_HEADERS 1
| #define _ALL_SOURCE 1
| #define _DARWIN_C_SOURCE 1
| #define _GNU_SOURCE 1
| #define _HPUX_ALT_XOPEN_SOCKET_API 1
| #define _NETBSD_SOURCE 1
| #define _OPENBSD_SOURCE 1
| #define _POSIX_PTHREAD_SEMANTICS 1
| #define __STDC_WANT_IEC_60559_ATTRIBS_EXT__ 1
| #define __STDC_WANT_IEC_60559_BFP_EXT__ 1
| #define __STDC_WANT_IEC_60559_DFP_EXT__ 1
| #define __STDC_WANT_IEC_60559_FUNCS_EXT__ 1
| #define __STDC_WANT_IEC_60559_TYPES_EXT__ 1
| #define __STDC_WANT_LIB_EXT2__ 1
| #define __STDC_WANT_MATH_SPEC_FUNCS__ 1
| #define _TANDEM_SOURCE 1
| #define __EXTENSIONS__ 1
| #define HAVE_DLFCN_H 1
| #define LT_OBJDIR ".libs/"
| #define GETTEXT_PACKAGE "fontconfig"
| #define ENABLE_NLS 1
| #define HAVE_GETTEXT 1
| #define HAVE_DCGETTEXT 1
| #define HAVE_WARNING_CPP_DIRECTIVE 1
| #define HAVE_DIRENT_H 1
| #define HAVE_FCNTL_H 1
| #define HAVE_STDLIB_H 1
| #define HAVE_STRING_H 1
| #define HAVE_UNISTD_H 1
| #define HAVE_SYS_STATVFS_H 1
| #define HAVE_SYS_VFS_H 1
| #define HAVE_SYS_STATFS_H 1
| #define HAVE_SYS_PARAM_H 1
| #define HAVE_SYS_MOUNT_H 1
| #define FLEXIBLE_ARRAY_MEMBER /**/
| #define HAVE_VPRINTF 1
| #define HAVE_GETPAGESIZE 1
| #define HAVE_MMAP 1
| #define HAVE_LINK 1
| #define HAVE_MKSTEMP 1
| #define HAVE_MKOSTEMP 1
| #define HAVE_MKDTEMP 1
| #define HAVE_GETOPT 1
| #define HAVE_GETOPT_LONG 1
| #define HAVE_RAND 1
| #define HAVE_RANDOM 1
| #define HAVE_LRAND48 1
| #define HAVE_RANDOM_R 1
| #define HAVE_RAND_R 1
| #define HAVE_READLINK 1
| #define HAVE_FSTATVFS 1
| #define HAVE_FSTATFS 1
| #define HAVE_LSTAT 1
| #define HAVE_STRERROR 1
| #define HAVE_STRERROR_R 1
| #define HAVE_POSIX_FADVISE 1
| #define HAVE_STRUCT_STAT_ST_MTIM 1
| /* end confdefs.h.  */
| #include <sys/statvfs.h>
| 
| int
| main (void)
| {
| static struct statvfs ac_aggr;
| if (sizeof ac_aggr.f_basetype)
| return 0;
|   ;
|   return 0;
| }
configure:18052: result: no
configure:18061: checking for struct statvfs.f_fstypename
configure:18061: gcc -c -g -O2  conftest.c >&5
conftest.c: In function 'main':
conftest.c:85:12: error: 'struct statvfs' has no member named 'f_fstypename'
   85 | if (ac_aggr.f_fstypename)
      |            ^
configure:18061: $? = 1
configure: failed program was:
| /* confdefs.h */
| #define PACKAGE_NAME "fontconfig"
| #define PACKAGE_TARNAME "fontconfig"
| #define PACKAGE_VERSION "2.13.1"
| #define PACKAGE_STRING "fontconfig 2.13.1"
| #define PACKAGE_BUGREPORT "https://gitlab.freedesktop.org/fontconfig/fontconfig/issues/new"
| #define PACKAGE_URL ""
| #define PACKAGE "fontconfig"
| #define VERSION "2.13.1"
| #define HAVE_STDIO_H 1
| #define HAVE_STDLIB_H 1
| #define HAVE_STRING_H 1
| #define HAVE_INTTYPES_H 1
| #define HAVE_STDINT_H 1
| #define HAVE_STRINGS_H 1
| #define HAVE_SYS_STAT_H 1
| #define HAVE_SYS_TYPES_H 1
| #define HAVE_UNISTD_H 1
| #define HAVE_WCHAR_H 1
| #define HAVE_SYS_PARAM_H 1
| #define STDC_HEADERS 1
| #define _ALL_SOURCE 1
| #define _DARWIN_C_SOURCE 1
| #define _GNU_SOURCE 1
| #define _HPUX_ALT_XOPEN_SOCKET_API 1
| #define _NETBSD_SOURCE 1
| #define _OPENBSD_SOURCE 1
| #define _POSIX_PTHREAD_SEMANTICS 1
| #define __STDC_WANT_IEC_60559_ATTRIBS_EXT__ 1
| #define __STDC_WANT_IEC_60559_BFP_EXT__ 1
| #define __STDC_WANT_IEC_60559_DFP_EXT__ 1
| #define __STDC_WANT_IEC_60559_FUNCS_EXT__ 1
| #define __STDC_WANT_IEC_60559_TYPES_EXT__ 1
| #define __STDC_WANT_LIB_EXT2__ 1
| #define __STDC_WANT_MATH_SPEC_FUNCS__ 1
| #define _TANDEM_SOURCE 1
| #define __EXTENSIONS__ 1
| #define HAVE_DLFCN_H 1
| #define LT_OBJDIR ".libs/"
| #define GETTEXT_PACKAGE "fontconfig"
| #define ENABLE_NLS 1
| #define HAVE_GETTEXT 1
| #define HAVE_DCGETTEXT 1
| #define HAVE_WARNING_CPP_DIRECTIVE 1
| #define HAVE_DIRENT_H 1
| #define HAVE_FCNTL_H 1
| #define HAVE_STDLIB_H 1
| #define HAVE_STRING_H 1
| #define HAVE_UNISTD_H 1
| #define HAVE_SYS_STATVFS_H 1
| #define HAVE_SYS_VFS_H 1
| #define HAVE_SYS_STATFS_H 1
| #define HAVE_SYS_PARAM_H 1
| #define HAVE_SYS_MOUNT_H 1
| #define FLEXIBLE_ARRAY_MEMBER /**/
| #define HAVE_VPRINTF 1
| #define HAVE_GETPAGESIZE 1
| #define HAVE_MMAP 1
| #define HAVE_LINK 1
| #define HAVE_MKSTEMP 1
| #define HAVE_MKOSTEMP 1
| #define HAVE_MKDTEMP 1
| #define HAVE_GETOPT 1
| #define HAVE_GETOPT_LONG 1
| #define HAVE_RAND 1
| #define HAVE_RANDOM 1
| #define HAVE_LRAND48 1
| #define HAVE_RANDOM_R 1
| #define HAVE_RAND_R 1
| #define HAVE_READLINK 1
| #define HAVE_FSTATVFS 1
| #define HAVE_FSTATFS 1
| #define HAVE_LSTAT 1
| #define HAVE_STRERROR 1
| #define HAVE_STRERROR_R 1
| #define HAVE_POSIX_FADVISE 1
| #define HAVE_STRUCT_STAT_ST_MTIM 1
| /* end confdefs.h.  */
| #include <sys/statvfs.h>
| 
| int
| main (void)
| {
| static struct statvfs ac_aggr;
| if (ac_aggr.f_fstypename)
| return 0;
|   ;
|   return 0;
| }
configure:18061: gcc -c -g -O2  conftest.c >&5
conftest.c: In function 'main':
conftest.c:85:19: error: 'struct statvfs' has no member named 'f_fstypename'
   85 | if (sizeof ac_aggr.f_fstypename)
      |                   ^
configure:18061: $? = 1
configure: failed program was:
| /* confdefs.h */
| #define PACKAGE_NAME "fontconfig"
| #define PACKAGE_TARNAME "fontconfig"
| #define PACKAGE_VERSION "2.13.1"
| #define PACKAGE_STRING "fontconfig 2.13.1"
| #define PACKAGE_BUGREPORT "https://gitlab.freedesktop.org/fontconfig/fontconfig/issues/new"
| #define PACKAGE_URL ""
| #define PACKAGE "fontconfig"
| #define VERSION "2.13.1"
| #define HAVE_STDIO_H 1
| #define HAVE_STDLIB_H 1
| #define HAVE_STRING_H 1
| #define HAVE_INTTYPES_H 1
| #define HAVE_STDINT_H 1
| #define HAVE_STRINGS_H 1
| #define HAVE_SYS_STAT_H 1
| #define HAVE_SYS_TYPES_H 1
| #define HAVE_UNISTD_H 1
| #define HAVE_WCHAR_H 1
| #define HAVE_SYS_PARAM_H 1
| #define STDC_HEADERS 1
| #define _ALL_SOURCE 1
| #define _DARWIN_C_SOURCE 1
| #define _GNU_SOURCE 1
| #define _HPUX_ALT_XOPEN_SOCKET_API 1
| #define _NETBSD_SOURCE 1
| #define _OPENBSD_SOURCE 1
| #define _POSIX_PTHREAD_SEMANTICS 1
| #define __STDC_WANT_IEC_60559_ATTRIBS_EXT__ 1
| #define __STDC_WANT_IEC_60559_BFP_EXT__ 1
| #define __STDC_WANT_IEC_60559_DFP_EXT__ 1
| #define __STDC_WANT_IEC_60559_FUNCS_EXT__ 1
| #define __STDC_WANT_IEC_60559_TYPES_EXT__ 1
| #define __STDC_WANT_LIB_EXT2__ 1
| #define __STDC_WANT_MATH_SPEC_FUNCS__ 1
| #define _TANDEM_SOURCE 1
| #define __EXTENSIONS__ 1
| #define HAVE_DLFCN_H 1
| #define LT_OBJDIR ".libs/"
| #define GETTEXT_PACKAGE "fontconfig"
| #define ENABLE_NLS 1
| #define HAVE_GETTEXT 1
| #define HAVE_DCGETTEXT 1
| #define HAVE_WARNING_CPP_DIRECTIVE 1
| #define HAVE_DIRENT_H 1
| #define HAVE_FCNTL_H 1
| #define HAVE_STDLIB_H 1
| #define HAVE_STRING_H 1
| #define HAVE_UNISTD_H 1
| #define HAVE_SYS_STATVFS_H 1
| #define HAVE_SYS_VFS_H 1
| #define HAVE_SYS_STATFS_H 1
| #define HAVE_SYS_PARAM_H 1
| #define HAVE_SYS_MOUNT_H 1
| #define FLEXIBLE_ARRAY_MEMBER /**/
| #define HAVE_VPRINTF 1
| #define HAVE_GETPAGESIZE 1
| #define HAVE_MMAP 1
| #define HAVE_LINK 1
| #define HAVE_MKSTEMP 1
| #define HAVE_MKOSTEMP 1
| #define HAVE_MKDTEMP 1
| #define HAVE_GETOPT 1
| #define HAVE_GETOPT_LONG 1
| #define HAVE_RAND 1
| #define HAVE_RANDOM 1
| #define HAVE_LRAND48 1
| #define HAVE_RANDOM_R 1
| #define HAVE_RAND_R 1
| #define HAVE_READLINK 1
| #define HAVE_FSTATVFS 1
| #define HAVE_FSTATFS 1
| #define HAVE_LSTAT 1
| #define HAVE_STRERROR 1
| #define HAVE_STRERROR_R 1
| #define HAVE_POSIX_FADVISE 1
| #define HAVE_STRUCT_STAT_ST_MTIM 1
| /* end confdefs.h.  */
| #include <sys/statvfs.h>
| 
| int
| main (void)
| {
| static struct statvfs ac_aggr;
| if (sizeof ac_aggr.f_fstypename)
| return 0;
|   ;
|   return 0;
| }
configure:18061: result: no
configure:18073: checking for struct statfs.f_flags
configure:18073: gcc -c -g -O2  conftest.c >&5
configure:18073: $? = 0
configure:18073: result: yes
configure:18094: checking for struct statfs.f_fstypename
configure:18094: gcc -c -g -O2  conftest.c >&5
conftest.c: In function 'main':
conftest.c:98:12: error: 'struct statfs' has no member named 'f_fstypename'
   98 | if (ac_aggr.f_fstypename)
      |            ^
configure:18094: $? = 1
configure: failed program was:
| /* confdefs.h */
| #define PACKAGE_NAME "fontconfig"
| #define PACKAGE_TARNAME "fontconfig"
| #define PACKAGE_VERSION "2.13.1"
| #define PACKAGE_STRING "fontconfig 2.13.1"
| #define PACKAGE_BUGREPORT "https://gitlab.freedesktop.org/fontconfig/fontconfig/issues/new"
| #define PACKAGE_URL ""
| #define PACKAGE "fontconfig"
| #define VERSION "2.13.1"
| #define HAVE_STDIO_H 1
| #define HAVE_STDLIB_H 1
| #define HAVE_STRING_H 1
| #define HAVE_INTTYPES_H 1
| #define HAVE_STDINT_H 1
| #define HAVE_STRINGS_H 1
| #define HAVE_SYS_STAT_H 1
| #define HAVE_SYS_TYPES_H 1
| #define HAVE_UNISTD_H 1
| #define HAVE_WCHAR_H 1
| #define HAVE_SYS_PARAM_H 1
| #define STDC_HEADERS 1
| #define _ALL_SOURCE 1
| #define _DARWIN_C_SOURCE 1
| #define _GNU_SOURCE 1
| #define _HPUX_ALT_XOPEN_SOCKET_API 1
| #define _NETBSD_SOURCE 1
| #define _OPENBSD_SOURCE 1
| #define _POSIX_PTHREAD_SEMANTICS 1
| #define __STDC_WANT_IEC_60559_ATTRIBS_EXT__ 1
| #define __STDC_WANT_IEC_60559_BFP_EXT__ 1
| #define __STDC_WANT_IEC_60559_DFP_EXT__ 1
| #define __STDC_WANT_IEC_60559_FUNCS_EXT__ 1
| #define __STDC_WANT_IEC_60559_TYPES_EXT__ 1
| #define __STDC_WANT_LIB_EXT2__ 1
| #define __STDC_WANT_MATH_SPEC_FUNCS__ 1
| #define _TANDEM_SOURCE 1
| #define __EXTENSIONS__ 1
| #define HAVE_DLFCN_H 1
| #define LT_OBJDIR ".libs/"
| #define GETTEXT_PACKAGE "fontconfig"
| #define ENABLE_NLS 1
| #define HAVE_GETTEXT 1
| #define HAVE_DCGETTEXT 1
| #define HAVE_WARNING_CPP_DIRECTIVE 1
| #define HAVE_DIRENT_H 1
| #define HAVE_FCNTL_H 1
| #define HAVE_STDLIB_H 1
| #define HAVE_STRING_H 1
| #define HAVE_UNISTD_H 1
| #define HAVE_SYS_STATVFS_H 1
| #define HAVE_SYS_VFS_H 1
| #define HAVE_SYS_STATFS_H 1
| #define HAVE_SYS_PARAM_H 1
| #define HAVE_SYS_MOUNT_H 1
| #define FLEXIBLE_ARRAY_MEMBER /**/
| #define HAVE_VPRINTF 1
| #define HAVE_GETPAGESIZE 1
| #define HAVE_MMAP 1
| #define HAVE_LINK 1
| #define HAVE_MKSTEMP 1
| #define HAVE_MKOSTEMP 1
| #define HAVE_MKDTEMP 1
| #define HAVE_GETOPT 1
| #define HAVE_GETOPT_LONG 1
| #define HAVE_RAND 1
| #define HAVE_RANDOM 1
| #define HAVE_LRAND48 1
| #define HAVE_RANDOM_R 1
| #define HAVE_RAND_R 1
| #define HAVE_READLINK 1
| #define HAVE_FSTATVFS 1
| #define HAVE_FSTATFS 1
| #define HAVE_LSTAT 1
| #define HAVE_STRERROR 1
| #define HAVE_STRERROR_R 1
| #define HAVE_POSIX_FADVISE 1
| #define HAVE_STRUCT_STAT_ST_MTIM 1
| #define HAVE_STRUCT_STATFS_F_FLAGS 1
| /* end confdefs.h.  */
| 
| #ifdef HAVE_SYS_VFS_H
| #include <sys/vfs.h>
| #endif
| #ifdef HAVE_SYS_STATFS_H
| #include <sys/statfs.h>
| #endif
| #ifdef HAVE_SYS_PARAM_H
| #include <sys/param.h>
| #endif
| #ifdef HAVE_SYS_MOUNT_H
| #include <sys/mount.h>
| #endif
| 
| int
| main (void)
| {
| static struct statfs ac_aggr;
| if (ac_aggr.f_fstypename)
| return 0;
|   ;
|   return 0;
| }
configure:18094: gcc -c -g -O2  conftest.c >&5
conftest.c: In function 'main':
conftest.c:98:19: error: 'struct statfs' has no member named 'f_fstypename'
   98 | if (sizeof ac_aggr.f_fstypename)
      |                   ^
configure:18094: $? = 1
configure: failed program was:
| /* confdefs.h */
| #define PACKAGE_NAME "fontconfig"
| #define PACKAGE_TARNAME "fontconfig"
| #define PACKAGE_VERSION "2.13.1"
| #define PACKAGE_STRING "fontconfig 2.13.1"
| #define PACKAGE_BUGREPORT "https://gitlab.freedesktop.org/fontconfig/fontconfig/issues/new"
| #define PACKAGE_URL ""
| #define PACKAGE "fontconfig"
| #define VERSION "2.13.1"
| #define HAVE_STDIO_H 1
| #define HAVE_STDLIB_H 1
| #define HAVE_STRING_H 1
| #define HAVE_INTTYPES_H 1
| #define HAVE_STDINT_H 1
| #define HAVE_STRINGS_H 1
| #define HAVE_SYS_STAT_H 1
| #define HAVE_SYS_TYPES_H 1
| #define HAVE_UNISTD_H 1
| #define HAVE_WCHAR_H 1
| #define HAVE_SYS_PARAM_H 1
| #define STDC_HEADERS 1
| #define _ALL_SOURCE 1
| #define _DARWIN_C_SOURCE 1
| #define _GNU_SOURCE 1
| #define _HPUX_ALT_XOPEN_SOCKET_API 1
| #define _NETBSD_SOURCE 1
| #define _OPENBSD_SOURCE 1
| #define _POSIX_PTHREAD_SEMANTICS 1
| #define __STDC_WANT_IEC_60559_ATTRIBS_EXT__ 1
| #define __STDC_WANT_IEC_60559_BFP_EXT__ 1
| #define __STDC_WANT_IEC_60559_DFP_EXT__ 1
| #define __STDC_WANT_IEC_60559_FUNCS_EXT__ 1
| #define __STDC_WANT_IEC_60559_TYPES_EXT__ 1
| #define __STDC_WANT_LIB_EXT2__ 1
| #define __STDC_WANT_MATH_SPEC_FUNCS__ 1
| #define _TANDEM_SOURCE 1
| #define __EXTENSIONS__ 1
| #define HAVE_DLFCN_H 1
| #define LT_OBJDIR ".libs/"
| #define GETTEXT_PACKAGE "fontconfig"
| #define ENABLE_NLS 1
| #define HAVE_GETTEXT 1
| #define HAVE_DCGETTEXT 1
| #define HAVE_WARNING_CPP_DIRECTIVE 1
| #define HAVE_DIRENT_H 1
| #define HAVE_FCNTL_H 1
| #define HAVE_STDLIB_H 1
| #define HAVE_STRING_H 1
| #define HAVE_UNISTD_H 1
| #define HAVE_SYS_STATVFS_H 1
| #define HAVE_SYS_VFS_H 1
| #define HAVE_SYS_STATFS_H 1
| #define HAVE_SYS_PARAM_H 1
| #define HAVE_SYS_MOUNT_H 1
| #define FLEXIBLE_ARRAY_MEMBER /**/
| #define HAVE_VPRINTF 1
| #define HAVE_GETPAGESIZE 1
| #define HAVE_MMAP 1
| #define HAVE_LINK 1
| #define HAVE_MKSTEMP 1
| #define HAVE_MKOSTEMP 1
| #define HAVE_MKDTEMP 1
| #define HAVE_GETOPT 1
| #define HAVE_GETOPT_LONG 1
| #define HAVE_RAND 1
| #define HAVE_RANDOM 1
| #define HAVE_LRAND48 1
| #define HAVE_RANDOM_R 1
| #define HAVE_RAND_R 1
| #define HAVE_READLINK 1
| #define HAVE_FSTATVFS 1
| #define HAVE_FSTATFS 1
| #define HAVE_LSTAT 1
| #define HAVE_STRERROR 1
| #define HAVE_STRERROR_R 1
| #define HAVE_POSIX_FADVISE 1
| #define HAVE_STRUCT_STAT_ST_MTIM 1
| #define HAVE_STRUCT_STATFS_F_FLAGS 1
| /* end confdefs.h.  */
| 
| #ifdef HAVE_SYS_VFS_H
| #include <sys/vfs.h>
| #endif
| #ifdef HAVE_SYS_STATFS_H
| #include <sys/statfs.h>
| #endif
| #ifdef HAVE_SYS_PARAM_H
| #include <sys/param.h>
| #endif
| #ifdef HAVE_SYS_MOUNT_H
| #include <sys/mount.h>
| #endif
| 
| int
| main (void)
| {
| static struct statfs ac_aggr;
| if (sizeof ac_aggr.f_fstypename)
| return 0;
|   ;
|   return 0;
| }
configure:18094: result: no
configure:18117: checking for struct dirent.d_type
configure:18117: gcc -c -g -O2  conftest.c >&5
configure:18117: $? = 0
configure:18117: result: yes
configure:18129: checking The type of len parameter of gperf hash/lookup function
configure:18148: gcc -c -g -O2  conftest.c >&5
configure:18148: $? = 0
configure:18181: result: size_t
configure:18321: checking for FREETYPE
configure:18328: $PKG_CONFIG --exists --print-errors "freetype2 >= 21.0.15"
configure:18331: $? = 0
configure:18345: $PKG_CONFIG --exists --print-errors "freetype2 >= 21.0.15"
configure:18348: $? = 0
configure:18406: result: yes
configure:18419: checking for FT_Get_BDF_Property
configure:18419: gcc -o conftest -g -O2 -I/usr/include/freetype2 -I/usr/include/libpng16    conftest.c  -lfreetype  >&5
configure:18419: $? = 0
configure:18419: result: yes
configure:18425: checking for FT_Get_PS_Font_Info
configure:18425: gcc -o conftest -g -O2 -I/usr/include/freetype2 -I/usr/include/libpng16    conftest.c  -lfreetype  >&5
configure:18425: $? = 0
configure:18425: result: yes
configure:18431: checking for FT_Has_PS_Glyph_Names
configure:18431: gcc -o conftest -g -O2 -I/usr/include/freetype2 -I/usr/include/libpng16    conftest.c  -lfreetype  >&5
configure:18431: $? = 0
configure:18431: result: yes
configure:18437: checking for FT_Get_X11_Font_Format
configure:18437: gcc -o conftest -g -O2 -I/usr/include/freetype2 -I/usr/include/libpng16    conftest.c  -lfreetype  >&5
configure:18437: $? = 0
configure:18437: result: yes
configure:18443: checking for FT_Done_MM_Var
configure:18443: gcc -o conftest -g -O2 -I/usr/include/freetype2 -I/usr/include/libpng16    conftest.c  -lfreetype  >&5
configure:18443: $? = 0
configure:18443: result: yes
configure:18461: gcc -c -g -O2 -I/usr/include/freetype2 -I/usr/include/libpng16   conftest.c >&5
configure:18461: $? = 0
configure:18490: checking for UUID
configure:18497: $PKG_CONFIG --exists --print-errors "uuid"
configure:18500: $? = 0
configure:18514: $PKG_CONFIG --exists --print-errors "uuid"
configure:18517: $? = 0
configure:18555: result: yes
configure:18792: checking for LIBXML2
configure:18799: $PKG_CONFIG --exists --print-errors "libxml-2.0 >= 2.6"
configure:18802: $? = 0
configure:18816: $PKG_CONFIG --exists --print-errors "libxml-2.0 >= 2.6"
configure:18819: $? = 0
configure:18877: result: yes
configure:18891: checking SAX1 support in libxml2
configure:18902: gcc -c -g -O2 -I/usr/include/libxml2   conftest.c >&5
configure:18902: $? = 0
configure:18904: result: found
configure:18919: checking for JSONC
configure:18926: $PKG_CONFIG --exists --print-errors "json-c"
Package json-c was not found in the pkg-config search path.
Perhaps you should add the directory containing `json-c.pc'
to the PKG_CONFIG_PATH environment variable
Package 'json-c', required by 'virtual:world', not found
configure:18929: $? = 1
configure:18943: $PKG_CONFIG --exists --print-errors "json-c"
Package json-c was not found in the pkg-config search path.
Perhaps you should add the directory containing `json-c.pc'
to the PKG_CONFIG_PATH environment variable
Package 'json-c', required by 'virtual:world', not found
configure:18946: $? = 1
configure:18960: result: no
Package 'json-c', required by 'virtual:world', not found
configure:19244: checking for Intel atomic primitives
configure:19268: gcc -o conftest -g -O2   conftest.c  >&5
configure:19268: $? = 0
configure:19277: result: true
configure:19285: checking for Solaris atomic operations
configure:19311: gcc -o conftest -g -O2   conftest.c  >&5
conftest.c:93:26: fatal error: atomic.h: No such file or directory
   93 |                 #include <atomic.h>
      |                          ^~~~~~~~~~
compilation terminated.
configure:19311: $? = 1
configure: failed program was:
| /* confdefs.h */
| #define PACKAGE_NAME "fontconfig"
| #define PACKAGE_TARNAME "fontconfig"
| #define PACKAGE_VERSION "2.13.1"
| #define PACKAGE_STRING "fontconfig 2.13.1"
| #define PACKAGE_BUGREPORT "https://gitlab.freedesktop.org/fontconfig/fontconfig/issues/new"
| #define PACKAGE_URL ""
| #define PACKAGE "fontconfig"
| #define VERSION "2.13.1"
| #define HAVE_STDIO_H 1
| #define HAVE_STDLIB_H 1
| #define HAVE_STRING_H 1
| #define HAVE_INTTYPES_H 1
| #define HAVE_STDINT_H 1
| #define HAVE_STRINGS_H 1
| #define HAVE_SYS_STAT_H 1
| #define HAVE_SYS_TYPES_H 1
| #define HAVE_UNISTD_H 1
| #define HAVE_WCHAR_H 1
| #define HAVE_SYS_PARAM_H 1
| #define STDC_HEADERS 1
| #define _ALL_SOURCE 1
| #define _DARWIN_C_SOURCE 1
| #define _GNU_SOURCE 1
| #define _HPUX_ALT_XOPEN_SOCKET_API 1
| #define _NETBSD_SOURCE 1
| #define _OPENBSD_SOURCE 1
| #define _POSIX_PTHREAD_SEMANTICS 1
| #define __STDC_WANT_IEC_60559_ATTRIBS_EXT__ 1
| #define __STDC_WANT_IEC_60559_BFP_EXT__ 1
| #define __STDC_WANT_IEC_60559_DFP_EXT__ 1
| #define __STDC_WANT_IEC_60559_FUNCS_EXT__ 1
| #define __STDC_WANT_IEC_60559_TYPES_EXT__ 1
| #define __STDC_WANT_LIB_EXT2__ 1
| #define __STDC_WANT_MATH_SPEC_FUNCS__ 1
| #define _TANDEM_SOURCE 1
| #define __EXTENSIONS__ 1
| #define HAVE_DLFCN_H 1
| #define LT_OBJDIR ".libs/"
| #define GETTEXT_PACKAGE "fontconfig"
| #define ENABLE_NLS 1
| #define HAVE_GETTEXT 1
| #define HAVE_DCGETTEXT 1
| #define HAVE_WARNING_CPP_DIRECTIVE 1
| #define HAVE_DIRENT_H 1
| #define HAVE_FCNTL_H 1
| #define HAVE_STDLIB_H 1
| #define HAVE_STRING_H 1
| #define HAVE_UNISTD_H 1
| #define HAVE_SYS_STATVFS_H 1
| #define HAVE_SYS_VFS_H 1
| #define HAVE_SYS_STATFS_H 1
| #define HAVE_SYS_PARAM_H 1
| #define HAVE_SYS_MOUNT_H 1
| #define FLEXIBLE_ARRAY_MEMBER /**/
| #define HAVE_VPRINTF 1
| #define HAVE_GETPAGESIZE 1
| #define HAVE_MMAP 1
| #define HAVE_LINK 1
| #define HAVE_MKSTEMP 1
| #define HAVE_MKOSTEMP 1
| #define HAVE_MKDTEMP 1
| #define HAVE_GETOPT 1
| #define HAVE_GETOPT_LONG 1
| #define HAVE_RAND 1
| #define HAVE_RANDOM 1
| #define HAVE_LRAND48 1
| #define HAVE_RANDOM_R 1
| #define HAVE_RAND_R 1
| #define HAVE_READLINK 1
| #define HAVE_FSTATVFS 1
| #define HAVE_FSTATFS 1
| #define HAVE_LSTAT 1
| #define HAVE_STRERROR 1
| #define HAVE_STRERROR_R 1
| #define HAVE_POSIX_FADVISE 1
| #define HAVE_STRUCT_STAT_ST_MTIM 1
| #define HAVE_STRUCT_STATFS_F_FLAGS 1
| #define HAVE_STRUCT_DIRENT_D_TYPE 1
| #define FC_GPERF_SIZE_T size_t
| #define USE_ICONV 0
| #define HAVE_FT_GET_BDF_PROPERTY 1
| #define HAVE_FT_GET_PS_FONT_INFO 1
| #define HAVE_FT_HAS_PS_GLYPH_NAMES 1
| #define HAVE_FT_GET_X11_FONT_FORMAT 1
| #define HAVE_FT_DONE_MM_VAR 1
| #define ENABLE_LIBXML2 1
| #define FC_DEFAULT_FONTS "/usr/share/fonts"
| #define FC_ADD_FONTS "yes"
| #define HAVE_INTEL_ATOMIC_PRIMITIVES 1
| /* end confdefs.h.  */
| 
| 		#include <atomic.h>
| 		/* This requires Solaris Studio 12.2 or newer: */
| 		#include <mbarrier.h>
| 		void memory_barrier (void) { __machine_rw_barrier (); }
| 		int atomic_add (volatile unsigned *i) { return atomic_add_int_nv (i, 1); }
| 		void *atomic_ptr_cmpxchg (volatile void **target, void *cmp, void *newval) { return atomic_cas_ptr (target, cmp, newval); }
| 
| int
| main (void)
| {
| 
|   ;
|   return 0;
| }
configure:19320: result: false
configure:19516: checking if compiler needs -Werror to reject unknown flags
configure:19532: gcc -c -g -O2 -Werror -Wunknown-warning-option -Wsizeof-array-argument  conftest.c >&5
gcc: error: unrecognized command-line option '-Wunknown-warning-option'
configure:19532: $? = 1
configure: failed program was:
| /* confdefs.h */
| #define PACKAGE_NAME "fontconfig"
| #define PACKAGE_TARNAME "fontconfig"
| #define PACKAGE_VERSION "2.13.1"
| #define PACKAGE_STRING "fontconfig 2.13.1"
| #define PACKAGE_BUGREPORT "https://gitlab.freedesktop.org/fontconfig/fontconfig/issues/new"
| #define PACKAGE_URL ""
| #define PACKAGE "fontconfig"
| #define VERSION "2.13.1"
| #define HAVE_STDIO_H 1
| #define HAVE_STDLIB_H 1
| #define HAVE_STRING_H 1
| #define HAVE_INTTYPES_H 1
| #define HAVE_STDINT_H 1
| #define HAVE_STRINGS_H 1
| #define HAVE_SYS_STAT_H 1
| #define HAVE_SYS_TYPES_H 1
| #define HAVE_UNISTD_H 1
| #define HAVE_WCHAR_H 1
| #define HAVE_SYS_PARAM_H 1
| #define STDC_HEADERS 1
| #define _ALL_SOURCE 1
| #define _DARWIN_C_SOURCE 1
| #define _GNU_SOURCE 1
| #define _HPUX_ALT_XOPEN_SOCKET_API 1
| #define _NETBSD_SOURCE 1
| #define _OPENBSD_SOURCE 1
| #define _POSIX_PTHREAD_SEMANTICS 1
| #define __STDC_WANT_IEC_60559_ATTRIBS_EXT__ 1
| #define __STDC_WANT_IEC_60559_BFP_EXT__ 1
| #define __STDC_WANT_IEC_60559_DFP_EXT__ 1
| #define __STDC_WANT_IEC_60559_FUNCS_EXT__ 1
| #define __STDC_WANT_IEC_60559_TYPES_EXT__ 1
| #define __STDC_WANT_LIB_EXT2__ 1
| #define __STDC_WANT_MATH_SPEC_FUNCS__ 1
| #define _TANDEM_SOURCE 1
| #define __EXTENSIONS__ 1
| #define HAVE_DLFCN_H 1
| #define LT_OBJDIR ".libs/"
| #define GETTEXT_PACKAGE "fontconfig"
| #define ENABLE_NLS 1
| #define HAVE_GETTEXT 1
| #define HAVE_DCGETTEXT 1
| #define HAVE_WARNING_CPP_DIRECTIVE 1
| #define HAVE_DIRENT_H 1
| #define HAVE_FCNTL_H 1
| #define HAVE_STDLIB_H 1
| #define HAVE_STRING_H 1
| #define HAVE_UNISTD_H 1
| #define HAVE_SYS_STATVFS_H 1
| #define HAVE_SYS_VFS_H 1
| #define HAVE_SYS_STATFS_H 1
| #define HAVE_SYS_PARAM_H 1
| #define HAVE_SYS_MOUNT_H 1
| #define FLEXIBLE_ARRAY_MEMBER /**/
| #define HAVE_VPRINTF 1
| #define HAVE_GETPAGESIZE 1
| #define HAVE_MMAP 1
| #define HAVE_LINK 1
| #define HAVE_MKSTEMP 1
| #define HAVE_MKOSTEMP 1
| #define HAVE_MKDTEMP 1
| #define HAVE_GETOPT 1
| #define HAVE_GETOPT_LONG 1
| #define HAVE_RAND 1
| #define HAVE_RANDOM 1
| #define HAVE_LRAND48 1
| #define HAVE_RANDOM_R 1
| #define HAVE_RAND_R 1
| #define HAVE_READLINK 1
| #define HAVE_FSTATVFS 1
| #define HAVE_FSTATFS 1
| #define HAVE_LSTAT 1
| #define HAVE_STRERROR 1
| #define HAVE_STRERROR_R 1
| #define HAVE_POSIX_FADVISE 1
| #define HAVE_STRUCT_STAT_ST_MTIM 1
| #define HAVE_STRUCT_STATFS_F_FLAGS 1
| #define HAVE_STRUCT_DIRENT_D_TYPE 1
| #define FC_GPERF_SIZE_T size_t
| #define USE_ICONV 0
| #define HAVE_FT_GET_BDF_PROPERTY 1
| #define HAVE_FT_GET_PS_FONT_INFO 1
| #define HAVE_FT_HAS_PS_GLYPH_NAMES 1
| #define HAVE_FT_GET_X11_FONT_FORMAT 1
| #define HAVE_FT_DONE_MM_VAR 1
| #define ENABLE_LIBXML2 1
| #define FC_DEFAULT_FONTS "/usr/share/fonts"
| #define FC_ADD_FONTS "yes"
| #define HAVE_INTEL_ATOMIC_PRIMITIVES 1
| /* end confdefs.h.  */
| int foo(void);
| int
| main (void)
| {
| foo()
|   ;
|   return 0;
| }
configure:19538: result: no
configure:19609: checking for the pthreads library -lpthreads
configure:19647: gcc -o conftest -g -O2     conftest.c -lpthreads  >&5
/usr/bin/ld: cannot find -lpthreads: No such file or directory
collect2: error: ld returned 1 exit status
configure:19647: $? = 1
configure: failed program was:
| /* confdefs.h */
| #define PACKAGE_NAME "fontconfig"
| #define PACKAGE_TARNAME "fontconfig"
| #define PACKAGE_VERSION "2.13.1"
| #define PACKAGE_STRING "fontconfig 2.13.1"
| #define PACKAGE_BUGREPORT "https://gitlab.freedesktop.org/fontconfig/fontconfig/issues/new"
| #define PACKAGE_URL ""
| #define PACKAGE "fontconfig"
| #define VERSION "2.13.1"
| #define HAVE_STDIO_H 1
| #define HAVE_STDLIB_H 1
| #define HAVE_STRING_H 1
| #define HAVE_INTTYPES_H 1
| #define HAVE_STDINT_H 1
| #define HAVE_STRINGS_H 1
| #define HAVE_SYS_STAT_H 1
| #define HAVE_SYS_TYPES_H 1
| #define HAVE_UNISTD_H 1
| #define HAVE_WCHAR_H 1
| #define HAVE_SYS_PARAM_H 1
| #define STDC_HEADERS 1
| #define _ALL_SOURCE 1
| #define _DARWIN_C_SOURCE 1
| #define _GNU_SOURCE 1
| #define _HPUX_ALT_XOPEN_SOCKET_API 1
| #define _NETBSD_SOURCE 1
| #define _OPENBSD_SOURCE 1
| #define _POSIX_PTHREAD_SEMANTICS 1
| #define __STDC_WANT_IEC_60559_ATTRIBS_EXT__ 1
| #define __STDC_WANT_IEC_60559_BFP_EXT__ 1
| #define __STDC_WANT_IEC_60559_DFP_EXT__ 1
| #define __STDC_WANT_IEC_60559_FUNCS_EXT__ 1
| #define __STDC_WANT_IEC_60559_TYPES_EXT__ 1
| #define __STDC_WANT_LIB_EXT2__ 1
| #define __STDC_WANT_MATH_SPEC_FUNCS__ 1
| #define _TANDEM_SOURCE 1
| #define __EXTENSIONS__ 1
| #define HAVE_DLFCN_H 1
| #define LT_OBJDIR ".libs/"
| #define GETTEXT_PACKAGE "fontconfig"
| #define ENABLE_NLS 1
| #define HAVE_GETTEXT 1
| #define HAVE_DCGETTEXT 1
| #define HAVE_WARNING_CPP_DIRECTIVE 1
| #define HAVE_DIRENT_H 1
| #define HAVE_FCNTL_H 1
| #define HAVE_STDLIB_H 1
| #define HAVE_STRING_H 1
| #define HAVE_UNISTD_H 1
| #define HAVE_SYS_STATVFS_H 1
| #define HAVE_SYS_VFS_H 1
| #define HAVE_SYS_STATFS_H 1
| #define HAVE_SYS_PARAM_H 1
| #define HAVE_SYS_MOUNT_H 1
| #define FLEXIBLE_ARRAY_MEMBER /**/
| #define HAVE_VPRINTF 1
| #define HAVE_GETPAGESIZE 1
| #define HAVE_MMAP 1
| #define HAVE_LINK 1
| #define HAVE_MKSTEMP 1
| #define HAVE_MKOSTEMP 1
| #define HAVE_MKDTEMP 1
| #define HAVE_GETOPT 1
| #define HAVE_GETOPT_LONG 1
| #define HAVE_RAND 1
| #define HAVE_RANDOM 1
| #define HAVE_LRAND48 1
| #define HAVE_RANDOM_R 1
| #define HAVE_RAND_R 1
| #define HAVE_READLINK 1
| #define HAVE_FSTATVFS 1
| #define HAVE_FSTATFS 1
| #define HAVE_LSTAT 1
| #define HAVE_STRERROR 1
| #define HAVE_STRERROR_R 1
| #define HAVE_POSIX_FADVISE 1
| #define HAVE_STRUCT_STAT_ST_MTIM 1
| #define HAVE_STRUCT_STATFS_F_FLAGS 1
| #define HAVE_STRUCT_DIRENT_D_TYPE 1
| #define FC_GPERF_SIZE_T size_t
| #define USE_ICONV 0
| #define HAVE_FT_GET_BDF_PROPERTY 1
| #define HAVE_FT_GET_PS_FONT_INFO 1
| #define HAVE_FT_HAS_PS_GLYPH_NAMES 1
| #define HAVE_FT_GET_X11_FONT_FORMAT 1
| #define HAVE_FT_DONE_MM_VAR 1
| #define ENABLE_LIBXML2 1
| #define FC_DEFAULT_FONTS "/usr/share/fonts"
| #define FC_ADD_FONTS "yes"
| #define HAVE_INTEL_ATOMIC_PRIMITIVES 1
| /* end confdefs.h.  */
| #include <pthread.h>
|                         static void routine(void *a) { a = 0; }
|                         static void *start_routine(void *a) { return a; }
| int
| main (void)
| {
| pthread_t th; pthread_attr_t attr;
|                         pthread_create(&th, 0, start_routine, 0);
|                         pthread_join(th, 0);
|                         pthread_attr_init(&attr);
|                         pthread_cleanup_push(routine, 0);
|                         pthread_cleanup_pop(0) /* ; */
|   ;
|   return 0;
| }
configure:19657: result: no
configure:19549: checking whether pthreads work without any flags
configure:19647: gcc -o conftest -g -O2     conftest.c   >&5
configure:19647: $? = 0
configure:19657: result: yes
configure:19676: checking for joinable pthread attribute
configure:19691: gcc -o conftest -g -O2    conftest.c   >&5
configure:19691: $? = 0
configure:19698: result: PTHREAD_CREATE_JOINABLE
configure:19706: checking if more special flags are required for pthreads
configure:19721: result: no
configure:19727: checking for PTHREAD_PRIO_INHERIT
configure:19745: gcc -o conftest -g -O2    conftest.c   >&5
configure:19745: $? = 0
configure:19755: result: yes
configure:19885: checking for docbook2html
configure:19918: result: no
configure:19981: checking whether byte ordering is bigendian
configure:19997: gcc -c -g -O2   conftest.c >&5
conftest.c:95:16: error: unknown type name 'not'
   95 |                not a universal capable compiler
      |                ^~~
conftest.c:95:22: error: expected '=', ',', ';', 'asm' or '__attribute__' before 'universal'
   95 |                not a universal capable compiler
      |                      ^~~~~~~~~
conftest.c:95:22: error: unknown type name 'universal'
configure:19997: $? = 1
configure: failed program was:
| /* confdefs.h */
| #define PACKAGE_NAME "fontconfig"
| #define PACKAGE_TARNAME "fontconfig"
| #define PACKAGE_VERSION "2.13.1"
| #define PACKAGE_STRING "fontconfig 2.13.1"
| #define PACKAGE_BUGREPORT "https://gitlab.freedesktop.org/fontconfig/fontconfig/issues/new"
| #define PACKAGE_URL ""
| #define PACKAGE "fontconfig"
| #define VERSION "2.13.1"
| #define HAVE_STDIO_H 1
| #define HAVE_STDLIB_H 1
| #define HAVE_STRING_H 1
| #define HAVE_INTTYPES_H 1
| #define HAVE_STDINT_H 1
| #define HAVE_STRINGS_H 1
| #define HAVE_SYS_STAT_H 1
| #define HAVE_SYS_TYPES_H 1
| #define HAVE_UNISTD_H 1
| #define HAVE_WCHAR_H 1
| #define HAVE_SYS_PARAM_H 1
| #define STDC_HEADERS 1
| #define _ALL_SOURCE 1
| #define _DARWIN_C_SOURCE 1
| #define _GNU_SOURCE 1
| #define _HPUX_ALT_XOPEN_SOCKET_API 1
| #define _NETBSD_SOURCE 1
| #define _OPENBSD_SOURCE 1
| #define _POSIX_PTHREAD_SEMANTICS 1
| #define __STDC_WANT_IEC_60559_ATTRIBS_EXT__ 1
| #define __STDC_WANT_IEC_60559_BFP_EXT__ 1
| #define __STDC_WANT_IEC_60559_DFP_EXT__ 1
| #define __STDC_WANT_IEC_60559_FUNCS_EXT__ 1
| #define __STDC_WANT_IEC_60559_TYPES_EXT__ 1
| #define __STDC_WANT_LIB_EXT2__ 1
| #define __STDC_WANT_MATH_SPEC_FUNCS__ 1
| #define _TANDEM_SOURCE 1
| #define __EXTENSIONS__ 1
| #define HAVE_DLFCN_H 1
| #define LT_OBJDIR ".libs/"
| #define GETTEXT_PACKAGE "fontconfig"
| #define ENABLE_NLS 1
| #define HAVE_GETTEXT 1
| #define HAVE_DCGETTEXT 1
| #define HAVE_WARNING_CPP_DIRECTIVE 1
| #define HAVE_DIRENT_H 1
| #define HAVE_FCNTL_H 1
| #define HAVE_STDLIB_H 1
| #define HAVE_STRING_H 1
| #define HAVE_UNISTD_H 1
| #define HAVE_SYS_STATVFS_H 1
| #define HAVE_SYS_VFS_H 1
| #define HAVE_SYS_STATFS_H 1
| #define HAVE_SYS_PARAM_H 1
| #define HAVE_SYS_MOUNT_H 1
| #define FLEXIBLE_ARRAY_MEMBER /**/
| #define HAVE_VPRINTF 1
| #define HAVE_GETPAGESIZE 1
| #define HAVE_MMAP 1
| #define HAVE_LINK 1
| #define HAVE_MKSTEMP 1
| #define HAVE_MKOSTEMP 1
| #define HAVE_MKDTEMP 1
| #define HAVE_GETOPT 1
| #define HAVE_GETOPT_LONG 1
| #define HAVE_RAND 1
| #define HAVE_RANDOM 1
| #define HAVE_LRAND48 1
| #define HAVE_RANDOM_R 1
| #define HAVE_RAND_R 1
| #define HAVE_READLINK 1
| #define HAVE_FSTATVFS 1
| #define HAVE_FSTATFS 1
| #define HAVE_LSTAT 1
| #define HAVE_STRERROR 1
| #define HAVE_STRERROR_R 1
| #define HAVE_POSIX_FADVISE 1
| #define HAVE_STRUCT_STAT_ST_MTIM 1
| #define HAVE_STRUCT_STATFS_F_FLAGS 1
| #define HAVE_STRUCT_DIRENT_D_TYPE 1
| #define FC_GPERF_SIZE_T size_t
| #define USE_ICONV 0
| #define HAVE_FT_GET_BDF_PROPERTY 1
| #define HAVE_FT_GET_PS_FONT_INFO 1
| #define HAVE_FT_HAS_PS_GLYPH_NAMES 1
| #define HAVE_FT_GET_X11_FONT_FORMAT 1
| #define HAVE_FT_DONE_MM_VAR 1
| #define ENABLE_LIBXML2 1
| #define FC_DEFAULT_FONTS "/usr/share/fonts"
| #define FC_ADD_FONTS "yes"
| #define HAVE_INTEL_ATOMIC_PRIMITIVES 1
| #define HAVE_PTHREAD_PRIO_INHERIT 1
| #define HAVE_PTHREAD 1
| /* end confdefs.h.  */
| #ifndef __APPLE_CC__
| 	       not a universal capable compiler
| 	     #endif
| 	     typedef int dummy;
| 
configure:20043: gcc -c -g -O2   conftest.c >&5
configure:20043: $? = 0
configure:20062: gcc -c -g -O2   conftest.c >&5
conftest.c: In function 'main':
conftest.c:101:18: error: unknown type name 'not'; did you mean 'ino_t'?
  101 |                  not big endian
      |                  ^~~
      |                  ino_t
conftest.c:101:26: error: expected '=', ',', ';', 'asm' or '__attribute__' before 'endian'
  101 |                  not big endian
      |                          ^~~~~~
configure:20062: $? = 1
configure: failed program was:
| /* confdefs.h */
| #define PACKAGE_NAME "fontconfig"
| #define PACKAGE_TARNAME "fontconfig"
| #define PACKAGE_VERSION "2.13.1"
| #define PACKAGE_STRING "fontconfig 2.13.1"
| #define PACKAGE_BUGREPORT "https://gitlab.freedesktop.org/fontconfig/fontconfig/issues/new"
| #define PACKAGE_URL ""
| #define PACKAGE "fontconfig"
| #define VERSION "2.13.1"
| #define HAVE_STDIO_H 1
| #define HAVE_STDLIB_H 1
| #define HAVE_STRING_H 1
| #define HAVE_INTTYPES_H 1
| #define HAVE_STDINT_H 1
| #define HAVE_STRINGS_H 1
| #define HAVE_SYS_STAT_H 1
| #define HAVE_SYS_TYPES_H 1
| #define HAVE_UNISTD_H 1
| #define HAVE_WCHAR_H 1
| #define HAVE_SYS_PARAM_H 1
| #define STDC_HEADERS 1
| #define _ALL_SOURCE 1
| #define _DARWIN_C_SOURCE 1
| #define _GNU_SOURCE 1
| #define _HPUX_ALT_XOPEN_SOCKET_API 1
| #define _NETBSD_SOURCE 1
| #define _OPENBSD_SOURCE 1
| #define _POSIX_PTHREAD_SEMANTICS 1
| #define __STDC_WANT_IEC_60559_ATTRIBS_EXT__ 1
| #define __STDC_WANT_IEC_60559_BFP_EXT__ 1
| #define __STDC_WANT_IEC_60559_DFP_EXT__ 1
| #define __STDC_WANT_IEC_60559_FUNCS_EXT__ 1
| #define __STDC_WANT_IEC_60559_TYPES_EXT__ 1
| #define __STDC_WANT_LIB_EXT2__ 1
| #define __STDC_WANT_MATH_SPEC_FUNCS__ 1
| #define _TANDEM_SOURCE 1
| #define __EXTENSIONS__ 1
| #define HAVE_DLFCN_H 1
| #define LT_OBJDIR ".libs/"
| #define GETTEXT_PACKAGE "fontconfig"
| #define ENABLE_NLS 1
| #define HAVE_GETTEXT 1
| #define HAVE_DCGETTEXT 1
| #define HAVE_WARNING_CPP_DIRECTIVE 1
| #define HAVE_DIRENT_H 1
| #define HAVE_FCNTL_H 1
| #define HAVE_STDLIB_H 1
| #define HAVE_STRING_H 1
| #define HAVE_UNISTD_H 1
| #define HAVE_SYS_STATVFS_H 1
| #define HAVE_SYS_VFS_H 1
| #define HAVE_SYS_STATFS_H 1
| #define HAVE_SYS_PARAM_H 1
| #define HAVE_SYS_MOUNT_H 1
| #define FLEXIBLE_ARRAY_MEMBER /**/
| #define HAVE_VPRINTF 1
| #define HAVE_GETPAGESIZE 1
| #define HAVE_MMAP 1
| #define HAVE_LINK 1
| #define HAVE_MKSTEMP 1
| #define HAVE_MKOSTEMP 1
| #define HAVE_MKDTEMP 1
| #define HAVE_GETOPT 1
| #define HAVE_GETOPT_LONG 1
| #define HAVE_RAND 1
| #define HAVE_RANDOM 1
| #define HAVE_LRAND48 1
| #define HAVE_RANDOM_R 1
| #define HAVE_RAND_R 1
| #define HAVE_READLINK 1
| #define HAVE_FSTATVFS 1
| #define HAVE_FSTATFS 1
| #define HAVE_LSTAT 1
| #define HAVE_STRERROR 1
| #define HAVE_STRERROR_R 1
| #define HAVE_POSIX_FADVISE 1
| #define HAVE_STRUCT_STAT_ST_MTIM 1
| #define HAVE_STRUCT_STATFS_F_FLAGS 1
| #define HAVE_STRUCT_DIRENT_D_TYPE 1
| #define FC_GPERF_SIZE_T size_t
| #define USE_ICONV 0
| #define HAVE_FT_GET_BDF_PROPERTY 1
| #define HAVE_FT_GET_PS_FONT_INFO 1
| #define HAVE_FT_HAS_PS_GLYPH_NAMES 1
| #define HAVE_FT_GET_X11_FONT_FORMAT 1
| #define HAVE_FT_DONE_MM_VAR 1
| #define ENABLE_LIBXML2 1
| #define FC_DEFAULT_FONTS "/usr/share/fonts"
| #define FC_ADD_FONTS "yes"
| #define HAVE_INTEL_ATOMIC_PRIMITIVES 1
| #define HAVE_PTHREAD_PRIO_INHERIT 1
| #define HAVE_PTHREAD 1
| /* end confdefs.h.  */
| #include <sys/types.h>
| 		#include <sys/param.h>
| 
| int
| main (void)
| {
| #if BYTE_ORDER != BIG_ENDIAN
| 		 not big endian
| 		#endif
| 
|   ;
|   return 0;
| }
configure:20196: result: no
configure:20218: checking size of void *
configure:20224: gcc -o conftest -g -O2    conftest.c   >&5
configure:20224: $? = 0
configure:20224: ./conftest
configure:20224: $? = 0
configure:20239: result: 8
configure:20249: checking alignment of double
configure:20255: gcc -o conftest -g -O2    conftest.c   >&5
configure:20255: $? = 0
configure:20255: ./conftest
configure:20255: $? = 0
configure:20271: result: 8
configure:20281: checking alignment of void *
configure:20287: gcc -o conftest -g -O2    conftest.c   >&5
configure:20287: $? = 0
configure:20287: ./conftest
configure:20287: $? = 0
configure:20303: result: 8
configure:20420: checking that generated files are newer than configure
configure:20426: result: done
configure:20486: creating ./config.status

## ---------------------- ##
## Running config.status. ##
## ---------------------- ##

This file was extended by fontconfig config.status 2.13.1, which was
generated by GNU Autoconf 2.71.  Invocation command line was

  CONFIG_FILES    = 
  CONFIG_HEADERS  = 
  CONFIG_LINKS    = 
  CONFIG_COMMANDS = 
  $ ./config.status 

on christianpc

config.status:1294: creating Makefile
config.status:1294: creating fontconfig/Makefile
config.status:1294: creating fc-lang/Makefile
config.status:1294: creating fc-case/Makefile
config.status:1294: creating src/Makefile
config.status:1294: creating conf.d/Makefile
config.status:1294: creating fc-cache/Makefile
config.status:1294: creating fc-cat/Makefile
config.status:1294: creating fc-conflist/Makefile
config.status:1294: creating fc-list/Makefile
config.status:1294: creating fc-match/Makefile
config.status:1294: creating fc-pattern/Makefile
config.status:1294: creating fc-query/Makefile
config.status:1294: creating fc-scan/Makefile
config.status:1294: creating fc-validate/Makefile
config.status:1294: creating doc/Makefile
config.status:1294: creating doc/version.sgml
config.status:1294: creating its/Makefile
config.status:1294: creating po/Makefile.in
config.status:1294: creating po-conf/Makefile.in
config.status:1294: creating test/Makefile
config.status:1294: creating fontconfig.spec
config.status:1294: creating fontconfig.pc
config.status:1294: creating fontconfig-zip
config.status:1294: creating config.h
config.status:1523: executing depfiles commands
config.status:1600: cd src       && sed -e '/# am--include-marker/d' Makefile         | make -f - am--depfiles
config.status:1605: $? = 0
config.status:1600: cd fc-cache       && sed -e '/# am--include-marker/d' Makefile         | make -f - am--depfiles
config.status:1605: $? = 0
config.status:1600: cd fc-cat       && sed -e '/# am--include-marker/d' Makefile         | make -f - am--depfiles
config.status:1605: $? = 0
config.status:1600: cd fc-conflist       && sed -e '/# am--include-marker/d' Makefile         | make -f - am--depfiles
config.status:1605: $? = 0
config.status:1600: cd fc-list       && sed -e '/# am--include-marker/d' Makefile         | make -f - am--depfiles
config.status:1605: $? = 0
config.status:1600: cd fc-match       && sed -e '/# am--include-marker/d' Makefile         | make -f - am--depfiles
config.status:1605: $? = 0
config.status:1600: cd fc-pattern       && sed -e '/# am--include-marker/d' Makefile         | make -f - am--depfiles
config.status:1605: $? = 0
config.status:1600: cd fc-query       && sed -e '/# am--include-marker/d' Makefile         | make -f - am--depfiles
config.status:1605: $? = 0
config.status:1600: cd fc-scan       && sed -e '/# am--include-marker/d' Makefile         | make -f - am--depfiles
config.status:1605: $? = 0
config.status:1600: cd fc-validate       && sed -e '/# am--include-marker/d' Makefile         | make -f - am--depfiles
config.status:1605: $? = 0
config.status:1600: cd doc       && sed -e '/# am--include-marker/d' Makefile         | make -f - am--depfiles
config.status:1605: $? = 0
config.status:1600: cd test       && sed -e '/# am--include-marker/d' Makefile         | make -f - am--depfiles
config.status:1605: $? = 0
config.status:1523: executing libtool commands
config.status:1523: executing po-directories commands
config.status:1523: executing src/fcstdint.h commands
config.status:2293: creating src/fcstdint.h : _FONTCONFIG_SRC_FCSTDINT_H

## ---------------- ##
## Cache variables. ##
## ---------------- ##

ac_cv_alignof_double=8
ac_cv_alignof_void_p=8
ac_cv_build=x86_64-pc-linux-gnu
ac_cv_c_bigendian=no
ac_cv_c_compiler_gnu=yes
ac_cv_c_const=yes
ac_cv_c_flexmember=yes
ac_cv_c_inline=inline
ac_cv_c_undeclared_builtin_options='none needed'
ac_cv_env_CC_FOR_BUILD_set=
ac_cv_env_CC_FOR_BUILD_value=
ac_cv_env_CC_set=
ac_cv_env_CC_value=
ac_cv_env_CFLAGS_set=
ac_cv_env_CFLAGS_value=
ac_cv_env_CPPFLAGS_set=
ac_cv_env_CPPFLAGS_value=
ac_cv_env_CPP_set=
ac_cv_env_CPP_value=
ac_cv_env_EXPAT_CFLAGS_set=
ac_cv_env_EXPAT_CFLAGS_value=
ac_cv_env_EXPAT_LIBS_set=
ac_cv_env_EXPAT_LIBS_value=
ac_cv_env_FREETYPE_CFLAGS_set=
ac_cv_env_FREETYPE_CFLAGS_value=
ac_cv_env_FREETYPE_LIBS_set=
ac_cv_env_FREETYPE_LIBS_value=
ac_cv_env_JSONC_CFLAGS_set=
ac_cv_env_JSONC_CFLAGS_value=
ac_cv_env_JSONC_LIBS_set=
ac_cv_env_JSONC_LIBS_value=
ac_cv_env_LDFLAGS_set=
ac_cv_env_LDFLAGS_value=
ac_cv_env_LIBS_set=
ac_cv_env_LIBS_value=
ac_cv_env_LIBXML2_CFLAGS_set=
ac_cv_env_LIBXML2_CFLAGS_value=
ac_cv_env_LIBXML2_LIBS_set=
ac_cv_env_LIBXML2_LIBS_value=
ac_cv_env_LT_SYS_LIBRARY_PATH_set=
ac_cv_env_LT_SYS_LIBRARY_PATH_value=
ac_cv_env_PKG_CONFIG_LIBDIR_set=
ac_cv_env_PKG_CONFIG_LIBDIR_value=
ac_cv_env_PKG_CONFIG_PATH_set=
ac_cv_env_PKG_CONFIG_PATH_value=
ac_cv_env_PKG_CONFIG_set=
ac_cv_env_PKG_CONFIG_value=
ac_cv_env_UUID_CFLAGS_set=
ac_cv_env_UUID_CFLAGS_value=
ac_cv_env_UUID_LIBS_set=
ac_cv_env_UUID_LIBS_value=
ac_cv_env_build_alias_set=
ac_cv_env_build_alias_value=
ac_cv_env_host_alias_set=
ac_cv_env_host_alias_value=
ac_cv_env_target_alias_set=
ac_cv_env_target_alias_value=
ac_cv_func_FT_Done_MM_Var=yes
ac_cv_func_FT_Get_BDF_Property=yes
ac_cv_func_FT_Get_PS_Font_Info=yes
ac_cv_func_FT_Get_X11_Font_Format=yes
ac_cv_func_FT_Has_PS_Glyph_Names=yes
ac_cv_func__mktemp_s=no
ac_cv_func_fstatfs=yes
ac_cv_func_fstatvfs=yes
ac_cv_func_getexecname=no
ac_cv_func_getopt=yes
ac_cv_func_getopt_long=yes
ac_cv_func_getpagesize=yes
ac_cv_func_getprogname=no
ac_cv_func_link=yes
ac_cv_func_lrand48=yes
ac_cv_func_lstat=yes
ac_cv_func_mkdtemp=yes
ac_cv_func_mkostemp=yes
ac_cv_func_mkstemp=yes
ac_cv_func_mmap_fixed_mapped=yes
ac_cv_func_rand=yes
ac_cv_func_rand_r=yes
ac_cv_func_random=yes
ac_cv_func_random_r=yes
ac_cv_func_readlink=yes
ac_cv_func_strerror=yes
ac_cv_func_strerror_r=yes
ac_cv_func_vprintf=yes
ac_cv_have_decl___SUNPRO_C=no
ac_cv_header_dirent_dirent_h=yes
ac_cv_header_dlfcn_h=yes
ac_cv_header_fcntl_h=yes
ac_cv_header_inttypes_h=yes
ac_cv_header_minix_config_h=no
ac_cv_header_stdint=stdint.h
ac_cv_header_stdint_h=yes
ac_cv_header_stdint_t=stdint.h
ac_cv_header_stdio_h=yes
ac_cv_header_stdlib_h=yes
ac_cv_header_string_h=yes
ac_cv_header_strings_h=yes
ac_cv_header_sys_mount_h=yes
ac_cv_header_sys_param_h=yes
ac_cv_header_sys_stat_h=yes
ac_cv_header_sys_statfs_h=yes
ac_cv_header_sys_statvfs_h=yes
ac_cv_header_sys_types_h=yes
ac_cv_header_sys_vfs_h=yes
ac_cv_header_unistd_h=yes
ac_cv_header_wchar_h=yes
ac_cv_host=x86_64-pc-linux-gnu
ac_cv_member_struct_dirent_d_type=yes
ac_cv_member_struct_stat_st_mtim=yes
ac_cv_member_struct_statfs_f_flags=yes
ac_cv_member_struct_statfs_f_fstypename=no
ac_cv_member_struct_statvfs_f_basetype=no
ac_cv_member_struct_statvfs_f_fstypename=no
ac_cv_objext=o
ac_cv_path_EGREP='/usr/bin/grep -E'
ac_cv_path_FGREP='/usr/bin/grep -F'
ac_cv_path_GMSGFMT=/usr/bin/msgfmt
ac_cv_path_GREP=/usr/bin/grep
ac_cv_path_MSGFMT=/usr/bin/msgfmt
ac_cv_path_MSGMERGE=/usr/bin/msgmerge
ac_cv_path_SED=/usr/bin/sed
ac_cv_path_XGETTEXT=/usr/bin/xgettext
ac_cv_path_ac_pt_PKG_CONFIG=/usr/bin/pkg-config
ac_cv_path_install='/usr/bin/install -c'
ac_cv_path_lt_DD=/usr/bin/dd
ac_cv_path_mkdir=/usr/bin/mkdir
ac_cv_prog_AWK=gawk
ac_cv_prog_CPP='gcc -E'
ac_cv_prog_HASDOCBOOK=no
ac_cv_prog_ac_ct_AR=ar
ac_cv_prog_ac_ct_CC=gcc
ac_cv_prog_ac_ct_FILECMD=file
ac_cv_prog_ac_ct_OBJDUMP=objdump
ac_cv_prog_ac_ct_RANLIB=ranlib
ac_cv_prog_ac_ct_STRIP=strip
ac_cv_prog_cc_c11=
ac_cv_prog_cc_g=yes
ac_cv_prog_cc_stdc=
ac_cv_prog_make_make_set=yes
ac_cv_safe_to_define___extensions__=yes
ac_cv_search_opendir='none required'
ac_cv_should_define__xopen_source=no
ac_cv_sizeof_void_p=8
ac_cv_stdint_message='using gnu compiler gcc (Ubuntu 14.2.0-4ubuntu2~24.04) 14.2.0'
ac_cv_stdint_result='(assuming C99 compatible system)'
ac_cv_sys_file_offset_bits=no
ac_cv_sys_largefile_CC=no
ac_cv_type_pid_t=yes
acl_cv_hardcode_direct=no
acl_cv_hardcode_libdir_flag_spec='${wl}-rpath ${wl}$libdir'
acl_cv_hardcode_libdir_separator=
acl_cv_hardcode_minus_L=no
acl_cv_libext=a
acl_cv_libname_spec='lib$name'
acl_cv_library_names_spec='$libname$shrext'
acl_cv_path_LD='/usr/bin/ld -m elf_x86_64'
acl_cv_prog_gnu_ld=yes
acl_cv_rpath=done
acl_cv_shlibext=so
acl_cv_wl=-Wl,
am_cv_CC_dependencies_compiler_type=gcc3
am_cv_make_support_nested_variables=yes
am_cv_prog_cc_c_o=yes
ax_cv_PTHREAD_PRIO_INHERIT=yes
fc_cv_have_intel_atomic_primitives=true
fc_cv_have_solaris_atomic_ops=false
gt_cv_func_CFLocaleCopyCurrent=no
gt_cv_func_CFPreferencesCopyAppValue=no
gt_cv_func_gnugettext1_libc=yes
lt_cv_ar_at_file=@
lt_cv_archive_cmds_need_lc=no
lt_cv_deplibs_check_method=pass_all
lt_cv_file_magic_cmd='$MAGIC_CMD'
lt_cv_file_magic_test_file=
lt_cv_ld_reload_flag=-r
lt_cv_nm_interface='BSD nm'
lt_cv_objdir=.libs
lt_cv_path_LD=/usr/bin/ld
lt_cv_path_NM='/usr/bin/nm -B'
lt_cv_path_mainfest_tool=no
lt_cv_prog_compiler_c_o=yes
lt_cv_prog_compiler_pic='-fPIC -DPIC'
lt_cv_prog_compiler_pic_works=yes
lt_cv_prog_compiler_rtti_exceptions=no
lt_cv_prog_compiler_static_works=yes
lt_cv_prog_gnu_ld=yes
lt_cv_sharedlib_from_linklib_cmd='printf %s\n'
lt_cv_shlibpath_overrides_runpath=yes
lt_cv_sys_global_symbol_pipe='/usr/bin/sed -n -e '\''s/^.*[	 ]\([ABCDGIRSTW][ABCDGIRSTW]*\)[	 ][	 ]*\([_A-Za-z][_A-Za-z0-9]*\)$/\1 \2 \2/p'\'' | /usr/bin/sed '\''/ __gnu_lto/d'\'''
lt_cv_sys_global_symbol_to_c_name_address='/usr/bin/sed -n -e '\''s/^: \(.*\) .*$/  {"\1", (void *) 0},/p'\'' -e '\''s/^[ABCDGIRSTW][ABCDGIRSTW]* .* \(.*\)$/  {"\1", (void *) \&\1},/p'\'''
lt_cv_sys_global_symbol_to_c_name_address_lib_prefix='/usr/bin/sed -n -e '\''s/^: \(.*\) .*$/  {"\1", (void *) 0},/p'\'' -e '\''s/^[ABCDGIRSTW][ABCDGIRSTW]* .* \(lib.*\)$/  {"\1", (void *) \&\1},/p'\'' -e '\''s/^[ABCDGIRSTW][ABCDGIRSTW]* .* \(.*\)$/  {"lib\1", (void *) \&\1},/p'\'''
lt_cv_sys_global_symbol_to_cdecl='/usr/bin/sed -n -e '\''s/^T .* \(.*\)$/extern int \1();/p'\'' -e '\''s/^[ABCDGIRSTW][ABCDGIRSTW]* .* \(.*\)$/extern char \1;/p'\'''
lt_cv_sys_global_symbol_to_import=
lt_cv_sys_max_cmd_len=1572864
lt_cv_to_host_file_cmd=func_convert_file_noop
lt_cv_to_tool_file_cmd=func_convert_file_noop
lt_cv_truncate_bin='/usr/bin/dd bs=4096 count=1'
pkg_cv_FREETYPE_CFLAGS='-I/usr/include/freetype2 -I/usr/include/libpng16 '
pkg_cv_FREETYPE_LIBS='-lfreetype '
pkg_cv_LIBXML2_CFLAGS='-I/usr/include/libxml2 '
pkg_cv_LIBXML2_LIBS='-lxml2 '
pkg_cv_UUID_CFLAGS='-I/usr/include/uuid '
pkg_cv_UUID_LIBS='-luuid '

## ----------------- ##
## Output variables. ##
## ----------------- ##

ACLOCAL='${SHELL} '\''/home/christian/projects/chris-terminal-emulator/fontconfig/missing'\'' aclocal-1.16'
AMDEPBACKSLASH='\'
AMDEP_FALSE='#'
AMDEP_TRUE=''
AMTAR='$${TAR-tar}'
AM_BACKSLASH='\'
AM_DEFAULT_V='$(AM_DEFAULT_VERBOSITY)'
AM_DEFAULT_VERBOSITY='0'
AM_V='$(V)'
AR='ar'
AS='as'
AUTOCONF='${SHELL} '\''/home/christian/projects/chris-terminal-emulator/fontconfig/missing'\'' autoconf'
AUTOHEADER='${SHELL} '\''/home/christian/projects/chris-terminal-emulator/fontconfig/missing'\'' autoheader'
AUTOMAKE='${SHELL} '\''/home/christian/projects/chris-terminal-emulator/fontconfig/missing'\'' automake-1.16'
AWK='gawk'
BASECONFIGDIR='${sysconfdir}/fonts'
CC='gcc'
CCDEPMODE='depmode=gcc3'
CC_FOR_BUILD='$(CC)'
CFLAGS='-g -O2 '
CONFIGDIR='${BASECONFIGDIR}/conf.d'
CPP='gcc -E'
CPPFLAGS=''
CROSS_COMPILING_FALSE=''
CROSS_COMPILING_TRUE='#'
CSCOPE='cscope'
CTAGS='ctags'
CYGPATH_W='echo'
DEFS='-DHAVE_CONFIG_H'
DEPDIR='.deps'
DLLTOOL='false'
DOCMAN3=''
DSYMUTIL=''
DUMPBIN=''
ECHO_C=''
ECHO_N='-n'
ECHO_T=''
EGREP='/usr/bin/grep -E'
ENABLE_DOCS_FALSE=''
ENABLE_DOCS_TRUE='#'
ENABLE_JSONC_FALSE=''
ENABLE_JSONC_TRUE='#'
ENABLE_SHARED_FALSE='#'
ENABLE_SHARED_TRUE=''
ETAGS='etags'
EXEEXT=''
EXEEXT_FOR_BUILD='$(EXEEXT)'
EXPAT_CFLAGS=''
EXPAT_LIBS=''
FC_ADD_FONTS=''
FC_CACHEDIR='${localstatedir}/cache/${PACKAGE}'
FC_DEFAULT_FONTS='/usr/share/fonts'
FC_FONTDATE='Sun Dec  7 03:08:23 -03 2025'
FC_FONTPATH=''
FGREP='/usr/bin/grep -F'
FILECMD='file'
FREETYPE_CFLAGS='-I/usr/include/freetype2 -I/usr/include/libpng16 '
FREETYPE_LIBS='-lfreetype '
FREETYPE_PCF_LONG_FAMILY_NAMES_FALSE='#'
FREETYPE_PCF_LONG_FAMILY_NAMES_TRUE=''
GETTEXT_MACRO_VERSION='0.19'
GETTEXT_PACKAGE='fontconfig'
GIT='${SHELL} '\''/home/christian/projects/chris-terminal-emulator/fontconfig/missing'\'' git'
GMSGFMT='/usr/bin/msgfmt'
GMSGFMT_015='/usr/bin/msgfmt'
GPERF='${SHELL} '\''/home/christian/projects/chris-terminal-emulator/fontconfig/missing'\'' gperf'
GREP='/usr/bin/grep'
HASDOCBOOK='no'
HAVE_PTHREAD_FALSE='#'
HAVE_PTHREAD_TRUE=''
HAVE_XMLPARSE_H=''
ICONV_CFLAGS=''
ICONV_LIBS=''
INSTALL_DATA='${INSTALL} -m 644'
INSTALL_PROGRAM='${INSTALL}'
INSTALL_SCRIPT='${INSTALL}'
INSTALL_STRIP_PROGRAM='$(install_sh) -c -s'
INTLLIBS=''
INTL_MACOSX_LIBS=''
JSONC_CFLAGS=''
JSONC_LIBS=''
LD='/usr/bin/ld -m elf_x86_64'
LDFLAGS=''
LIBICONV='-liconv'
LIBINTL=''
LIBOBJS=''
LIBS=' '
LIBTOOL='$(SHELL) $(top_builddir)/libtool'
LIBT_CURRENT='13'
LIBT_CURRENT_MINUS_AGE='1'
LIBT_REVISION='0'
LIBT_VERSION_INFO='13:0:12'
LIBXML2_CFLAGS='-I/usr/include/libxml2 '
LIBXML2_LIBS='-lxml2 '
LIPO=''
LN_S='ln -s'
LTLIBICONV='-liconv'
LTLIBINTL=''
LTLIBOBJS=''
LT_SYS_LIBRARY_PATH=''
MAKEINFO='${SHELL} '\''/home/christian/projects/chris-terminal-emulator/fontconfig/missing'\'' makeinfo'
MANIFEST_TOOL=':'
MKDIR_P='/usr/bin/mkdir -p'
MSGFMT='/usr/bin/msgfmt'
MSGFMT_015='/usr/bin/msgfmt'
MSGMERGE='/usr/bin/msgmerge'
MS_LIB_AVAILABLE_FALSE=''
MS_LIB_AVAILABLE_TRUE='#'
NM='/usr/bin/nm -B'
NMEDIT=''
OBJDUMP='objdump'
OBJEXT='o'
OS_WIN32_FALSE=''
OS_WIN32_TRUE='#'
OTOOL64=''
OTOOL=''
PACKAGE='fontconfig'
PACKAGE_BUGREPORT='https://gitlab.freedesktop.org/fontconfig/fontconfig/issues/new'
PACKAGE_NAME='fontconfig'
PACKAGE_STRING='fontconfig 2.13.1'
PACKAGE_TARNAME='fontconfig'
PACKAGE_URL=''
PACKAGE_VERSION='2.13.1'
PATH_SEPARATOR=':'
PKGCONFIG_REQUIRES=' freetype2 >= 21.0.15'
PKGCONFIG_REQUIRES_PRIVATELY=' uuid libxml-2.0 >= 2.6'
PKG_CONFIG='/usr/bin/pkg-config'
PKG_CONFIG_LIBDIR=''
PKG_CONFIG_PATH=''
PKG_EXPAT_CFLAGS=''
PKG_EXPAT_LIBS=''
POSUB='po'
PREFERRED_HINTING='slight'
PTHREAD_CC='gcc'
PTHREAD_CFLAGS=''
PTHREAD_LIBS=''
RANLIB='ranlib'
RM='rm -f'
SED='/usr/bin/sed'
SET_MAKE=''
SHELL='/bin/bash'
STRIP='strip'
TEMPLATEDIR='${datadir}/fontconfig/conf.avail'
USEDOCBOOK_FALSE=''
USEDOCBOOK_TRUE='#'
USE_NLS='yes'
UUID_CFLAGS='-I/usr/include/uuid '
UUID_LIBS='-luuid '
VERSION='2.13.1'
WARN_CFLAGS='-Wall -Wpointer-arith -Wstrict-prototypes 	-Wmissing-prototypes -Wmissing-declarations 	-Wnested-externs -fno-strict-aliasing'
XGETTEXT='/usr/bin/xgettext'
XGETTEXT_015='/usr/bin/xgettext'
XGETTEXT_EXTRA_OPTIONS=''
XMLDIR='${datadir}/xml/fontconfig'
ac_ct_AR='ar'
ac_ct_CC='gcc'
ac_ct_DUMPBIN=''
am__EXEEXT_FALSE=''
am__EXEEXT_TRUE='#'
am__fastdepCC_FALSE='#'
am__fastdepCC_TRUE=''
am__include='include'
am__isrc=''
am__leading_dot='.'
am__nodep='_no'
am__quote=''
am__tar='$${TAR-tar} chof - "$$tardir"'
am__untar='$${TAR-tar} xf -'
ax_pthread_config=''
bindir='${exec_prefix}/bin'
build='x86_64-pc-linux-gnu'
build_alias=''
build_cpu='x86_64'
build_os='linux-gnu'
build_vendor='pc'
datadir='${datarootdir}'
datarootdir='${prefix}/share'
docdir='${datarootdir}/doc/${PACKAGE_TARNAME}'
dvidir='${docdir}'
exec_prefix='${prefix}'
fc_cachedir='${localstatedir}/cache/${PACKAGE}'
host='x86_64-pc-linux-gnu'
host_alias=''
host_cpu='x86_64'
host_os='linux-gnu'
host_vendor='pc'
htmldir='${docdir}'
includedir='${prefix}/include'
infodir='${datarootdir}/info'
install_sh='${SHELL} /home/christian/projects/chris-terminal-emulator/fontconfig/install-sh'
libdir='${exec_prefix}/lib'
libexecdir='${exec_prefix}/libexec'
localedir='${datarootdir}/locale'
localstatedir='${prefix}/var'
mandir='/usr/share/man'
mkdir_p='$(MKDIR_P)'
ms_librarian=''
oldincludedir='/usr/include'
pdfdir='${docdir}'
pkgconfigdir='${libdir}/pkgconfig'
prefix='/usr'
program_transform_name='s,x,x,'
psdir='${docdir}'
runstatedir='${localstatedir}/run'
sbindir='${exec_prefix}/sbin'
sharedstatedir='${prefix}/com'
sysconfdir='/etc'
target_alias=''

## ----------- ##
## confdefs.h. ##
## ----------- ##

/* confdefs.h */
#define PACKAGE_NAME "fontconfig"
#define PACKAGE_TARNAME "fontconfig"
#define PACKAGE_VERSION "2.13.1"
#define PACKAGE_STRING "fontconfig 2.13.1"
#define PACKAGE_BUGREPORT "https://gitlab.freedesktop.org/fontconfig/fontconfig/issues/new"
#define PACKAGE_URL ""
#define PACKAGE "fontconfig"
#define VERSION "2.13.1"
#define HAVE_STDIO_H 1
#define HAVE_STDLIB_H 1
#define HAVE_STRING_H 1
#define HAVE_INTTYPES_H 1
#define HAVE_STDINT_H 1
#define HAVE_STRINGS_H 1
#define HAVE_SYS_STAT_H 1
#define HAVE_SYS_TYPES_H 1
#define HAVE_UNISTD_H 1
#define HAVE_WCHAR_H 1
#define HAVE_SYS_PARAM_H 1
#define STDC_HEADERS 1
#define _ALL_SOURCE 1
#define _DARWIN_C_SOURCE 1
#define _GNU_SOURCE 1
#define _HPUX_ALT_XOPEN_SOCKET_API 1
#define _NETBSD_SOURCE 1
#define _OPENBSD_SOURCE 1
#define _POSIX_PTHREAD_SEMANTICS 1
#define __STDC_WANT_IEC_60559_ATTRIBS_EXT__ 1
#define __STDC_WANT_IEC_60559_BFP_EXT__ 1
#define __STDC_WANT_IEC_60559_DFP_EXT__ 1
#define __STDC_WANT_IEC_60559_FUNCS_EXT__ 1
#define __STDC_WANT_IEC_60559_TYPES_EXT__ 1
#define __STDC_WANT_LIB_EXT2__ 1
#define __STDC_WANT_MATH_SPEC_FUNCS__ 1
#define _TANDEM_SOURCE 1
#define __EXTENSIONS__ 1
#define HAVE_DLFCN_H 1
#define LT_OBJDIR ".libs/"
#define GETTEXT_PACKAGE "fontconfig"
#define ENABLE_NLS 1
#define HAVE_GETTEXT 1
#define HAVE_DCGETTEXT 1
#define HAVE_WARNING_CPP_DIRECTIVE 1
#define HAVE_DIRENT_H 1
#define HAVE_FCNTL_H 1
#define HAVE_STDLIB_H 1
#define HAVE_STRING_H 1
#define HAVE_UNISTD_H 1
#define HAVE_SYS_STATVFS_H 1
#define HAVE_SYS_VFS_H 1
#define HAVE_SYS_STATFS_H 1
#define HAVE_SYS_PARAM_H 1
#define HAVE_SYS_MOUNT_H 1
#define FLEXIBLE_ARRAY_MEMBER /**/
#define HAVE_VPRINTF 1
#define HAVE_GETPAGESIZE 1
#define HAVE_MMAP 1
#define HAVE_LINK 1
#define HAVE_MKSTEMP 1
#define HAVE_MKOSTEMP 1
#define HAVE_MKDTEMP 1
#define HAVE_GETOPT 1
#define HAVE_GETOPT_LONG 1
#define HAVE_RAND 1
#define HAVE_RANDOM 1
#define HAVE_LRAND48 1
#define HAVE_RANDOM_R 1
#define HAVE_RAND_R 1
#define HAVE_READLINK 1
#define HAVE_FSTATVFS 1
#define HAVE_FSTATFS 1
#define HAVE_LSTAT 1
#define HAVE_STRERROR 1
#define HAVE_STRERROR_R 1
#define HAVE_POSIX_FADVISE 1
#define HAVE_STRUCT_STAT_ST_MTIM 1
#define HAVE_STRUCT_STATFS_F_FLAGS 1
#define HAVE_STRUCT_DIRENT_D_TYPE 1
#define FC_GPERF_SIZE_T size_t
#define USE_ICONV 0
#define HAVE_FT_GET_BDF_PROPERTY 1
#define HAVE_FT_GET_PS_FONT_INFO 1
#define HAVE_FT_HAS_PS_GLYPH_NAMES 1
#define HAVE_FT_GET_X11_FONT_FORMAT 1
#define HAVE_FT_DONE_MM_VAR 1
#define ENABLE_LIBXML2 1
#define FC_DEFAULT_FONTS "/usr/share/fonts"
#define FC_ADD_FONTS "yes"
#define HAVE_INTEL_ATOMIC_PRIMITIVES 1
#define HAVE_PTHREAD_PRIO_INHERIT 1
#define HAVE_PTHREAD 1
#define SIZEOF_VOID_P 8
#define ALIGNOF_DOUBLE 8
#define ALIGNOF_VOID_P 8

configure: exit 0

## ---------------------- ##
## Running config.status. ##
## ---------------------- ##

This file was extended by fontconfig config.status 2.13.1, which was
generated by GNU Autoconf 2.71.  Invocation command line was

  CONFIG_FILES    = 
  CONFIG_HEADERS  = 
  CONFIG_LINKS    = 
  CONFIG_COMMANDS = 
  $ ./config.status src/fcstdint.h

on christianpc

config.status:1523: executing src/fcstdint.h commands
config.status:2293: creating src/fcstdint.h : _FONTCONFIG_SRC_FCSTDINT_H
config.status:2725: src/fcstdint.h is unchanged
